[{"NM_MUN":"Tarauacá","SIGLA_UF":"AC"},{"NM_MUN":"Xapuri","SIGLA_UF":"AC"},{"NM_MUN":"Marechal Thaumaturgo","SIGLA_UF":"AC"},{"NM_MUN":"Mâncio Lima","SIGLA_UF":"AC"},{"NM_MUN":"Manoel Urbano","SIGLA_UF":"AC"},{"NM_MUN":"Porto Walter","SIGLA_UF":"AC"},{"NM_MUN":"Plácido de Castro","SIGLA_UF":"AC"},{"NM_MUN":"Rio Branco","SIGLA_UF":"AC"},{"NM_MUN":"Santa Rosa do Purus","SIGLA_UF":"AC"},{"NM_MUN":"Rodrigues Alves","SIGLA_UF":"AC"},{"NM_MUN":"Sena Madureira","SIGLA_UF":"AC"},{"NM_MUN":"Brasiléia","SIGLA_UF":"AC"},{"NM_MUN":"Bujari","SIGLA_UF":"AC"},{"NM_MUN":"Capixaba","SIGLA_UF":"AC"},{"NM_MUN":"Cruzeiro do Sul","SIGLA_UF":"AC"},{"NM_MUN":"Epitaciolândia","SIGLA_UF":"AC"},{"NM_MUN":"Jordão","SIGLA_UF":"AC"},{"NM_MUN":"Feijó","SIGLA_UF":"AC"},{"NM_MUN":"Porto Acre","SIGLA_UF":"AC"},{"NM_MUN":"Acrelândia","SIGLA_UF":"AC"},{"NM_MUN":"Assis Brasil","SIGLA_UF":"AC"},{"NM_MUN":"Senador Guiomard","SIGLA_UF":"AC"}]