[{"NM_MUN":"São Miguel dos Campos","SIGLA_UF":"AL"},{"NM_MUN":"Campo Alegre","SIGLA_UF":"AL"},{"NM_MUN":"Água Branca","SIGLA_UF":"AL"},{"NM_MUN":"Igreja Nova","SIGLA_UF":"AL"},{"NM_MUN":"Taquarana","SIGLA_UF":"AL"},{"NM_MUN":"Teotônio Vilela","SIGLA_UF":"AL"},{"NM_MUN":"Chã Preta","SIGLA_UF":"AL"},{"NM_MUN":"Olho d'Água do Casado","SIGLA_UF":"AL"},{"NM_MUN":"Maragogi","SIGLA_UF":"AL"},{"NM_MUN":"Quebrangulo","SIGLA_UF":"AL"},{"NM_MUN":"Barra de São Miguel","SIGLA_UF":"AL"},{"NM_MUN":"Lagoa da Canoa","SIGLA_UF":"AL"},{"NM_MUN":"Poço das Trincheiras","SIGLA_UF":"AL"},{"NM_MUN":"Branquinha","SIGLA_UF":"AL"},{"NM_MUN":"Delmiro Gouveia","SIGLA_UF":"AL"},{"NM_MUN":"São José da Laje","SIGLA_UF":"AL"},{"NM_MUN":"Jaramataia","SIGLA_UF":"AL"},{"NM_MUN":"Jequiá da Praia","SIGLA_UF":"AL"},{"NM_MUN":"Piaçabuçu","SIGLA_UF":"AL"},{"NM_MUN":"Murici","SIGLA_UF":"AL"},{"NM_MUN":"Limoeiro de Anadia","SIGLA_UF":"AL"},{"NM_MUN":"Olivença","SIGLA_UF":"AL"},{"NM_MUN":"Batalha","SIGLA_UF":"AL"},{"NM_MUN":"Dois Riachos","SIGLA_UF":"AL"},{"NM_MUN":"Porto Calvo","SIGLA_UF":"AL"},{"NM_MUN":"São José da Tapera","SIGLA_UF":"AL"},{"NM_MUN":"Estrela de Alagoas","SIGLA_UF":"AL"},{"NM_MUN":"Cacimbinhas","SIGLA_UF":"AL"},{"NM_MUN":"Joaquim Gomes","SIGLA_UF":"AL"},{"NM_MUN":"Pilar","SIGLA_UF":"AL"},{"NM_MUN":"Ibateguara","SIGLA_UF":"AL"},{"NM_MUN":"Capela","SIGLA_UF":"AL"},{"NM_MUN":"Novo Lino","SIGLA_UF":"AL"},{"NM_MUN":"Maceió","SIGLA_UF":"AL"},{"NM_MUN":"Atalaia","SIGLA_UF":"AL"},{"NM_MUN":"Messias","SIGLA_UF":"AL"},{"NM_MUN":"Pindoba","SIGLA_UF":"AL"},{"NM_MUN":"Senador Rui Palmeira","SIGLA_UF":"AL"},{"NM_MUN":"Jacuípe","SIGLA_UF":"AL"},{"NM_MUN":"Coqueiro Seco","SIGLA_UF":"AL"},{"NM_MUN":"Viçosa","SIGLA_UF":"AL"},{"NM_MUN":"Maribondo","SIGLA_UF":"AL"},{"NM_MUN":"Santana do Mundaú","SIGLA_UF":"AL"},{"NM_MUN":"Santa Luzia do Norte","SIGLA_UF":"AL"},{"NM_MUN":"Paulo Jacinto","SIGLA_UF":"AL"},{"NM_MUN":"Carneiros","SIGLA_UF":"AL"},{"NM_MUN":"Minador do Negrão","SIGLA_UF":"AL"},{"NM_MUN":"Junqueiro","SIGLA_UF":"AL"},{"NM_MUN":"Barra de Santo Antônio","SIGLA_UF":"AL"},{"NM_MUN":"Japaratinga","SIGLA_UF":"AL"},{"NM_MUN":"Coruripe","SIGLA_UF":"AL"},{"NM_MUN":"Piranhas","SIGLA_UF":"AL"},{"NM_MUN":"São Brás","SIGLA_UF":"AL"},{"NM_MUN":"Craíbas","SIGLA_UF":"AL"},{"NM_MUN":"Mar Vermelho","SIGLA_UF":"AL"},{"NM_MUN":"Penedo","SIGLA_UF":"AL"},{"NM_MUN":"Boca da Mata","SIGLA_UF":"AL"},{"NM_MUN":"Palmeira dos Índios","SIGLA_UF":"AL"},{"NM_MUN":"Campo Grande","SIGLA_UF":"AL"},{"NM_MUN":"Monteirópolis","SIGLA_UF":"AL"},{"NM_MUN":"Flexeiras","SIGLA_UF":"AL"},{"NM_MUN":"São Miguel dos Milagres","SIGLA_UF":"AL"},{"NM_MUN":"Anadia","SIGLA_UF":"AL"},{"NM_MUN":"Mata Grande","SIGLA_UF":"AL"},{"NM_MUN":"Inhapi","SIGLA_UF":"AL"},{"NM_MUN":"Coité do Nóia","SIGLA_UF":"AL"},{"NM_MUN":"Olho d'Água Grande","SIGLA_UF":"AL"},{"NM_MUN":"Traipu","SIGLA_UF":"AL"},{"NM_MUN":"Maravilha","SIGLA_UF":"AL"},{"NM_MUN":"Pariconha","SIGLA_UF":"AL"},{"NM_MUN":"Girau do Ponciano","SIGLA_UF":"AL"},{"NM_MUN":"Rio Largo","SIGLA_UF":"AL"},{"NM_MUN":"Pão de Açúcar","SIGLA_UF":"AL"},{"NM_MUN":"São Sebastião","SIGLA_UF":"AL"},{"NM_MUN":"Canapi","SIGLA_UF":"AL"},{"NM_MUN":"Paripueira","SIGLA_UF":"AL"},{"NM_MUN":"Matriz de Camaragibe","SIGLA_UF":"AL"},{"NM_MUN":"Arapiraca","SIGLA_UF":"AL"},{"NM_MUN":"Jacaré dos Homens","SIGLA_UF":"AL"},{"NM_MUN":"Colônia Leopoldina","SIGLA_UF":"AL"},{"NM_MUN":"União dos Palmares","SIGLA_UF":"AL"},{"NM_MUN":"Santana do Ipanema","SIGLA_UF":"AL"},{"NM_MUN":"Marechal Deodoro","SIGLA_UF":"AL"},{"NM_MUN":"Roteiro","SIGLA_UF":"AL"},{"NM_MUN":"Passo de Camaragibe","SIGLA_UF":"AL"},{"NM_MUN":"Belém","SIGLA_UF":"AL"},{"NM_MUN":"Porto de Pedras","SIGLA_UF":"AL"},{"NM_MUN":"Ouro Branco","SIGLA_UF":"AL"},{"NM_MUN":"Satuba","SIGLA_UF":"AL"},{"NM_MUN":"Cajueiro","SIGLA_UF":"AL"},{"NM_MUN":"Feira Grande","SIGLA_UF":"AL"},{"NM_MUN":"São Luís do Quitunde","SIGLA_UF":"AL"},{"NM_MUN":"Campestre","SIGLA_UF":"AL"},{"NM_MUN":"Jundiá","SIGLA_UF":"AL"},{"NM_MUN":"Igaci","SIGLA_UF":"AL"},{"NM_MUN":"Tanque d'Arca","SIGLA_UF":"AL"},{"NM_MUN":"Olho d'Água das Flores","SIGLA_UF":"AL"},{"NM_MUN":"Major Isidoro","SIGLA_UF":"AL"},{"NM_MUN":"Belo Monte","SIGLA_UF":"AL"},{"NM_MUN":"Feliz Deserto","SIGLA_UF":"AL"},{"NM_MUN":"Porto Real do Colégio","SIGLA_UF":"AL"},{"NM_MUN":"Palestina","SIGLA_UF":"AL"}]