[{"NM_MUN":"Calçoene","SIGLA_UF":"AP"},{"NM_MUN":"Ferreira Gomes","SIGLA_UF":"AP"},{"NM_MUN":"Cutias","SIGLA_UF":"AP"},{"NM_MUN":"Laranjal do Jari","SIGLA_UF":"AP"},{"NM_MUN":"Itaubal","SIGLA_UF":"AP"},{"NM_MUN":"Tartarugalzinho","SIGLA_UF":"AP"},{"NM_MUN":"Vitória do Jari","SIGLA_UF":"AP"},{"NM_MUN":"Serra do Navio","SIGLA_UF":"AP"},{"NM_MUN":"Oiapoque","SIGLA_UF":"AP"},{"NM_MUN":"Pracuúba","SIGLA_UF":"AP"},{"NM_MUN":"Porto Grande","SIGLA_UF":"AP"},{"NM_MUN":"Santana","SIGLA_UF":"AP"},{"NM_MUN":"Macapá","SIGLA_UF":"AP"},{"NM_MUN":"Mazagão","SIGLA_UF":"AP"},{"NM_MUN":"Amapá","SIGLA_UF":"AP"},{"NM_MUN":"Pedra Branca do Amapari","SIGLA_UF":"AP"}]