[{"NM_MUN":"Anchieta","SIGLA_UF":"ES"},{"NM_MUN":"Montanha","SIGLA_UF":"ES"},{"NM_MUN":"Fundão","SIGLA_UF":"ES"},{"NM_MUN":"Governador Lindenberg","SIGLA_UF":"ES"},{"NM_MUN":"São José do Calçado","SIGLA_UF":"ES"},{"NM_MUN":"Divino de São Lourenço","SIGLA_UF":"ES"},{"NM_MUN":"Pancas","SIGLA_UF":"ES"},{"NM_MUN":"Vitória","SIGLA_UF":"ES"},{"NM_MUN":"Apiacá","SIGLA_UF":"ES"},{"NM_MUN":"Guaçuí","SIGLA_UF":"ES"},{"NM_MUN":"Pedro Canário","SIGLA_UF":"ES"},{"NM_MUN":"Mucurici","SIGLA_UF":"ES"},{"NM_MUN":"Boa Esperança","SIGLA_UF":"ES"},{"NM_MUN":"São Mateus","SIGLA_UF":"ES"},{"NM_MUN":"São Roque do Canaã","SIGLA_UF":"ES"},{"NM_MUN":"Itapemirim","SIGLA_UF":"ES"},{"NM_MUN":"Colatina","SIGLA_UF":"ES"},{"NM_MUN":"Serra","SIGLA_UF":"ES"},{"NM_MUN":"Sooretama","SIGLA_UF":"ES"},{"NM_MUN":"Alegre","SIGLA_UF":"ES"},{"NM_MUN":"Vargem Alta","SIGLA_UF":"ES"},{"NM_MUN":"Mantenópolis","SIGLA_UF":"ES"},{"NM_MUN":"Venda Nova do Imigrante","SIGLA_UF":"ES"},{"NM_MUN":"Marechal Floriano","SIGLA_UF":"ES"},{"NM_MUN":"Dores do Rio Preto","SIGLA_UF":"ES"},{"NM_MUN":"Marilândia","SIGLA_UF":"ES"},{"NM_MUN":"Marataízes","SIGLA_UF":"ES"},{"NM_MUN":"Santa Teresa","SIGLA_UF":"ES"},{"NM_MUN":"Itarana","SIGLA_UF":"ES"},{"NM_MUN":"Conceição da Barra","SIGLA_UF":"ES"},{"NM_MUN":"São Domingos do Norte","SIGLA_UF":"ES"},{"NM_MUN":"Viana","SIGLA_UF":"ES"},{"NM_MUN":"Vila Valério","SIGLA_UF":"ES"},{"NM_MUN":"Alfredo Chaves","SIGLA_UF":"ES"},{"NM_MUN":"Alto Rio Novo","SIGLA_UF":"ES"},{"NM_MUN":"Ecoporanga","SIGLA_UF":"ES"},{"NM_MUN":"Vila Pavão","SIGLA_UF":"ES"},{"NM_MUN":"Mimoso do Sul","SIGLA_UF":"ES"},{"NM_MUN":"São Gabriel da Palha","SIGLA_UF":"ES"},{"NM_MUN":"Iúna","SIGLA_UF":"ES"},{"NM_MUN":"Jaguaré","SIGLA_UF":"ES"},{"NM_MUN":"Baixo Guandu","SIGLA_UF":"ES"},{"NM_MUN":"Rio Bananal","SIGLA_UF":"ES"},{"NM_MUN":"Iconha","SIGLA_UF":"ES"},{"NM_MUN":"Cariacica","SIGLA_UF":"ES"},{"NM_MUN":"Irupi","SIGLA_UF":"ES"},{"NM_MUN":"Nova Venécia","SIGLA_UF":"ES"},{"NM_MUN":"Jerônimo Monteiro","SIGLA_UF":"ES"},{"NM_MUN":"João Neiva","SIGLA_UF":"ES"},{"NM_MUN":"Rio Novo do Sul","SIGLA_UF":"ES"},{"NM_MUN":"Laranja da Terra","SIGLA_UF":"ES"},{"NM_MUN":"Barra de São Francisco","SIGLA_UF":"ES"},{"NM_MUN":"Itaguaçu","SIGLA_UF":"ES"},{"NM_MUN":"Castelo","SIGLA_UF":"ES"},{"NM_MUN":"Afonso Cláudio","SIGLA_UF":"ES"},{"NM_MUN":"Água Doce do Norte","SIGLA_UF":"ES"},{"NM_MUN":"Águia Branca","SIGLA_UF":"ES"},{"NM_MUN":"Linhares","SIGLA_UF":"ES"},{"NM_MUN":"Santa Leopoldina","SIGLA_UF":"ES"},{"NM_MUN":"Domingos Martins","SIGLA_UF":"ES"},{"NM_MUN":"Santa Maria de Jetibá","SIGLA_UF":"ES"},{"NM_MUN":"Aracruz","SIGLA_UF":"ES"},{"NM_MUN":"Pinheiros","SIGLA_UF":"ES"},{"NM_MUN":"Guarapari","SIGLA_UF":"ES"},{"NM_MUN":"Bom Jesus do Norte","SIGLA_UF":"ES"},{"NM_MUN":"Ibatiba","SIGLA_UF":"ES"},{"NM_MUN":"Muniz Freire","SIGLA_UF":"ES"},{"NM_MUN":"Brejetuba","SIGLA_UF":"ES"},{"NM_MUN":"Piúma","SIGLA_UF":"ES"},{"NM_MUN":"Atílio Vivácqua","SIGLA_UF":"ES"},{"NM_MUN":"Ibiraçu","SIGLA_UF":"ES"},{"NM_MUN":"Cachoeiro de Itapemirim","SIGLA_UF":"ES"},{"NM_MUN":"Ponto Belo","SIGLA_UF":"ES"},{"NM_MUN":"Ibitirama","SIGLA_UF":"ES"},{"NM_MUN":"Muqui","SIGLA_UF":"ES"},{"NM_MUN":"Conceição do Castelo","SIGLA_UF":"ES"},{"NM_MUN":"Presidente Kennedy","SIGLA_UF":"ES"},{"NM_MUN":"Vila Velha","SIGLA_UF":"ES"}]