[{"NM_MUN":"Fortuna","SIGLA_UF":"MA"},{"NM_MUN":"Arame","SIGLA_UF":"MA"},{"NM_MUN":"São Luís Gonzaga do Maranhão","SIGLA_UF":"MA"},{"NM_MUN":"Vargem Grande","SIGLA_UF":"MA"},{"NM_MUN":"Paraibano","SIGLA_UF":"MA"},{"NM_MUN":"Santa Inês","SIGLA_UF":"MA"},{"NM_MUN":"Pinheiro","SIGLA_UF":"MA"},{"NM_MUN":"Balsas","SIGLA_UF":"MA"},{"NM_MUN":"Afonso Cunha","SIGLA_UF":"MA"},{"NM_MUN":"Nova Iorque","SIGLA_UF":"MA"},{"NM_MUN":"Lima Campos","SIGLA_UF":"MA"},{"NM_MUN":"Água Doce do Maranhão","SIGLA_UF":"MA"},{"NM_MUN":"Dom Pedro","SIGLA_UF":"MA"},{"NM_MUN":"Cajari","SIGLA_UF":"MA"},{"NM_MUN":"Joselândia","SIGLA_UF":"MA"},{"NM_MUN":"Godofredo Viana","SIGLA_UF":"MA"},{"NM_MUN":"Nova Olinda do Maranhão","SIGLA_UF":"MA"},{"NM_MUN":"Presidente Dutra","SIGLA_UF":"MA"},{"NM_MUN":"Campestre do Maranhão","SIGLA_UF":"MA"},{"NM_MUN":"Santana do Maranhão","SIGLA_UF":"MA"},{"NM_MUN":"Santa Rita","SIGLA_UF":"MA"},{"NM_MUN":"Junco do Maranhão","SIGLA_UF":"MA"},{"NM_MUN":"Viana","SIGLA_UF":"MA"},{"NM_MUN":"Santo Amaro do Maranhão","SIGLA_UF":"MA"},{"NM_MUN":"Monção","SIGLA_UF":"MA"},{"NM_MUN":"Pio XII","SIGLA_UF":"MA"},{"NM_MUN":"São Mateus do Maranhão","SIGLA_UF":"MA"},{"NM_MUN":"Caxias","SIGLA_UF":"MA"},{"NM_MUN":"Vila Nova dos Martírios","SIGLA_UF":"MA"},{"NM_MUN":"Barão de Grajaú","SIGLA_UF":"MA"},{"NM_MUN":"São Pedro dos Crentes","SIGLA_UF":"MA"},{"NM_MUN":"Alcântara","SIGLA_UF":"MA"},{"NM_MUN":"Duque Bacelar","SIGLA_UF":"MA"},{"NM_MUN":"Cândido Mendes","SIGLA_UF":"MA"},{"NM_MUN":"Tasso Fragoso","SIGLA_UF":"MA"},{"NM_MUN":"São Domingos do Maranhão","SIGLA_UF":"MA"},{"NM_MUN":"Olho d'Água das Cunhãs","SIGLA_UF":"MA"},{"NM_MUN":"Loreto","SIGLA_UF":"MA"},{"NM_MUN":"Olinda Nova do Maranhão","SIGLA_UF":"MA"},{"NM_MUN":"Presidente Juscelino","SIGLA_UF":"MA"},{"NM_MUN":"Presidente Médici","SIGLA_UF":"MA"},{"NM_MUN":"Lago da Pedra","SIGLA_UF":"MA"},{"NM_MUN":"Gonçalves Dias","SIGLA_UF":"MA"},{"NM_MUN":"Presidente Sarney","SIGLA_UF":"MA"},{"NM_MUN":"Cedral","SIGLA_UF":"MA"},{"NM_MUN":"Anajatuba","SIGLA_UF":"MA"},{"NM_MUN":"Imperatriz","SIGLA_UF":"MA"},{"NM_MUN":"Itaipava do Grajaú","SIGLA_UF":"MA"},{"NM_MUN":"Esperantinópolis","SIGLA_UF":"MA"},{"NM_MUN":"Fernando Falcão","SIGLA_UF":"MA"},{"NM_MUN":"Feira Nova do Maranhão","SIGLA_UF":"MA"},{"NM_MUN":"Estreito","SIGLA_UF":"MA"},{"NM_MUN":"Benedito Leite","SIGLA_UF":"MA"},{"NM_MUN":"São José de Ribamar","SIGLA_UF":"MA"},{"NM_MUN":"Tutóia","SIGLA_UF":"MA"},{"NM_MUN":"Formosa da Serra Negra","SIGLA_UF":"MA"},{"NM_MUN":"Matões do Norte","SIGLA_UF":"MA"},{"NM_MUN":"Guimarães","SIGLA_UF":"MA"},{"NM_MUN":"Sambaíba","SIGLA_UF":"MA"},{"NM_MUN":"Peri Mirim","SIGLA_UF":"MA"},{"NM_MUN":"Santa Filomena do Maranhão","SIGLA_UF":"MA"},{"NM_MUN":"Bacabal","SIGLA_UF":"MA"},{"NM_MUN":"Milagres do Maranhão","SIGLA_UF":"MA"},{"NM_MUN":"São José dos Basílios","SIGLA_UF":"MA"},{"NM_MUN":"São Félix de Balsas","SIGLA_UF":"MA"},{"NM_MUN":"Peritoró","SIGLA_UF":"MA"},{"NM_MUN":"Morros","SIGLA_UF":"MA"},{"NM_MUN":"São Francisco do Brejão","SIGLA_UF":"MA"},{"NM_MUN":"Bacabeira","SIGLA_UF":"MA"},{"NM_MUN":"Buriticupu","SIGLA_UF":"MA"},{"NM_MUN":"Vitorino Freire","SIGLA_UF":"MA"},{"NM_MUN":"Coroatá","SIGLA_UF":"MA"},{"NM_MUN":"Buriti Bravo","SIGLA_UF":"MA"},{"NM_MUN":"Itapecuru Mirim","SIGLA_UF":"MA"},{"NM_MUN":"Fortaleza dos Nogueiras","SIGLA_UF":"MA"},{"NM_MUN":"Cachoeira Grande","SIGLA_UF":"MA"},{"NM_MUN":"Buritirana","SIGLA_UF":"MA"},{"NM_MUN":"Apicum-Açu","SIGLA_UF":"MA"},{"NM_MUN":"Santa Luzia do Paruá","SIGLA_UF":"MA"},{"NM_MUN":"Itinga do Maranhão","SIGLA_UF":"MA"},{"NM_MUN":"Santa Luzia","SIGLA_UF":"MA"},{"NM_MUN":"Anapurus","SIGLA_UF":"MA"},{"NM_MUN":"Jenipapo dos Vieiras","SIGLA_UF":"MA"},{"NM_MUN":"Jatobá","SIGLA_UF":"MA"},{"NM_MUN":"Urbano Santos","SIGLA_UF":"MA"},{"NM_MUN":"Araguanã","SIGLA_UF":"MA"},{"NM_MUN":"Mirador","SIGLA_UF":"MA"},{"NM_MUN":"Santa Helena","SIGLA_UF":"MA"},{"NM_MUN":"Pindaré-Mirim","SIGLA_UF":"MA"},{"NM_MUN":"Bequimão","SIGLA_UF":"MA"},{"NM_MUN":"São Luís","SIGLA_UF":"MA"},{"NM_MUN":"Miranda do Norte","SIGLA_UF":"MA"},{"NM_MUN":"Bernardo do Mearim","SIGLA_UF":"MA"},{"NM_MUN":"Bacuri","SIGLA_UF":"MA"},{"NM_MUN":"Boa Vista do Gurupi","SIGLA_UF":"MA"},{"NM_MUN":"Bacurituba","SIGLA_UF":"MA"},{"NM_MUN":"Cururupu","SIGLA_UF":"MA"},{"NM_MUN":"São Bento","SIGLA_UF":"MA"},{"NM_MUN":"Cajapió","SIGLA_UF":"MA"},{"NM_MUN":"Nina Rodrigues","SIGLA_UF":"MA"},{"NM_MUN":"Zé Doca","SIGLA_UF":"MA"},{"NM_MUN":"Nova Colinas","SIGLA_UF":"MA"},{"NM_MUN":"Açailândia","SIGLA_UF":"MA"},{"NM_MUN":"Porto Franco","SIGLA_UF":"MA"},{"NM_MUN":"Sítio Novo","SIGLA_UF":"MA"},{"NM_MUN":"Davinópolis","SIGLA_UF":"MA"},{"NM_MUN":"João Lisboa","SIGLA_UF":"MA"},{"NM_MUN":"Porto Rico do Maranhão","SIGLA_UF":"MA"},{"NM_MUN":"Mirinzal","SIGLA_UF":"MA"},{"NM_MUN":"Bom Jesus das Selvas","SIGLA_UF":"MA"},{"NM_MUN":"Alto Parnaíba","SIGLA_UF":"MA"},{"NM_MUN":"Icatu","SIGLA_UF":"MA"},{"NM_MUN":"Igarapé do Meio","SIGLA_UF":"MA"},{"NM_MUN":"Bom Lugar","SIGLA_UF":"MA"},{"NM_MUN":"Mata Roma","SIGLA_UF":"MA"},{"NM_MUN":"Amapá do Maranhão","SIGLA_UF":"MA"},{"NM_MUN":"Barra do Corda","SIGLA_UF":"MA"},{"NM_MUN":"São João Batista","SIGLA_UF":"MA"},{"NM_MUN":"Tuntum","SIGLA_UF":"MA"},{"NM_MUN":"Carutapera","SIGLA_UF":"MA"},{"NM_MUN":"Graça Aranha","SIGLA_UF":"MA"},{"NM_MUN":"São João do Carú","SIGLA_UF":"MA"},{"NM_MUN":"Riachão","SIGLA_UF":"MA"},{"NM_MUN":"Ribamar Fiquene","SIGLA_UF":"MA"},{"NM_MUN":"Pedreiras","SIGLA_UF":"MA"},{"NM_MUN":"São João do Soter","SIGLA_UF":"MA"},{"NM_MUN":"Arari","SIGLA_UF":"MA"},{"NM_MUN":"São João do Paraíso","SIGLA_UF":"MA"},{"NM_MUN":"São Bernardo","SIGLA_UF":"MA"},{"NM_MUN":"Pedro do Rosário","SIGLA_UF":"MA"},{"NM_MUN":"São Domingos do Azeitão","SIGLA_UF":"MA"},{"NM_MUN":"Coelho Neto","SIGLA_UF":"MA"},{"NM_MUN":"Sucupira do Norte","SIGLA_UF":"MA"},{"NM_MUN":"Sucupira do Riachão","SIGLA_UF":"MA"},{"NM_MUN":"Brejo","SIGLA_UF":"MA"},{"NM_MUN":"Igarapé Grande","SIGLA_UF":"MA"},{"NM_MUN":"Brejo de Areia","SIGLA_UF":"MA"},{"NM_MUN":"Amarante do Maranhão","SIGLA_UF":"MA"},{"NM_MUN":"Turiaçu","SIGLA_UF":"MA"},{"NM_MUN":"Parnarama","SIGLA_UF":"MA"},{"NM_MUN":"Matinha","SIGLA_UF":"MA"},{"NM_MUN":"Rosário","SIGLA_UF":"MA"},{"NM_MUN":"Penalva","SIGLA_UF":"MA"},{"NM_MUN":"Barreirinhas","SIGLA_UF":"MA"},{"NM_MUN":"São João dos Patos","SIGLA_UF":"MA"},{"NM_MUN":"Turilândia","SIGLA_UF":"MA"},{"NM_MUN":"Belágua","SIGLA_UF":"MA"},{"NM_MUN":"Grajaú","SIGLA_UF":"MA"},{"NM_MUN":"Axixá","SIGLA_UF":"MA"},{"NM_MUN":"Bela Vista do Maranhão","SIGLA_UF":"MA"},{"NM_MUN":"Colinas","SIGLA_UF":"MA"},{"NM_MUN":"Santo Antônio dos Lopes","SIGLA_UF":"MA"},{"NM_MUN":"Buriti","SIGLA_UF":"MA"},{"NM_MUN":"Montes Altos","SIGLA_UF":"MA"},{"NM_MUN":"São Raimundo das Mangabeiras","SIGLA_UF":"MA"},{"NM_MUN":"Conceição do Lago-Açu","SIGLA_UF":"MA"},{"NM_MUN":"Vitória do Mearim","SIGLA_UF":"MA"},{"NM_MUN":"São Raimundo do Doca Bezerra","SIGLA_UF":"MA"},{"NM_MUN":"Passagem Franca","SIGLA_UF":"MA"},{"NM_MUN":"Matões","SIGLA_UF":"MA"},{"NM_MUN":"Central do Maranhão","SIGLA_UF":"MA"},{"NM_MUN":"Pirapemas","SIGLA_UF":"MA"},{"NM_MUN":"Centro Novo do Maranhão","SIGLA_UF":"MA"},{"NM_MUN":"São Roberto","SIGLA_UF":"MA"},{"NM_MUN":"Aldeias Altas","SIGLA_UF":"MA"},{"NM_MUN":"Centro do Guilherme","SIGLA_UF":"MA"},{"NM_MUN":"Paço do Lumiar","SIGLA_UF":"MA"},{"NM_MUN":"Luís Domingues","SIGLA_UF":"MA"},{"NM_MUN":"Cantanhede","SIGLA_UF":"MA"},{"NM_MUN":"Timbiras","SIGLA_UF":"MA"},{"NM_MUN":"Lago do Junco","SIGLA_UF":"MA"},{"NM_MUN":"Governador Archer","SIGLA_UF":"MA"},{"NM_MUN":"Presidente Vargas","SIGLA_UF":"MA"},{"NM_MUN":"Pastos Bons","SIGLA_UF":"MA"},{"NM_MUN":"Capinzal do Norte","SIGLA_UF":"MA"},{"NM_MUN":"Governador Edison Lobão","SIGLA_UF":"MA"},{"NM_MUN":"São Benedito do Rio Preto","SIGLA_UF":"MA"},{"NM_MUN":"Paulino Neves","SIGLA_UF":"MA"},{"NM_MUN":"Satubinha","SIGLA_UF":"MA"},{"NM_MUN":"Poção de Pedras","SIGLA_UF":"MA"},{"NM_MUN":"Chapadinha","SIGLA_UF":"MA"},{"NM_MUN":"São Vicente Ferrer","SIGLA_UF":"MA"},{"NM_MUN":"Cidelândia","SIGLA_UF":"MA"},{"NM_MUN":"Humberto de Campos","SIGLA_UF":"MA"},{"NM_MUN":"Senador La Rocque","SIGLA_UF":"MA"},{"NM_MUN":"Senador Alexandre Costa","SIGLA_UF":"MA"},{"NM_MUN":"Alto Alegre do Maranhão","SIGLA_UF":"MA"},{"NM_MUN":"Serrano do Maranhão","SIGLA_UF":"MA"},{"NM_MUN":"Altamira do Maranhão","SIGLA_UF":"MA"},{"NM_MUN":"Timon","SIGLA_UF":"MA"},{"NM_MUN":"Carolina","SIGLA_UF":"MA"},{"NM_MUN":"São Francisco do Maranhão","SIGLA_UF":"MA"},{"NM_MUN":"Maracaçumé","SIGLA_UF":"MA"},{"NM_MUN":"Palmeirândia","SIGLA_UF":"MA"},{"NM_MUN":"Alto Alegre do Pindaré","SIGLA_UF":"MA"},{"NM_MUN":"Magalhães de Almeida","SIGLA_UF":"MA"},{"NM_MUN":"Primeira Cruz","SIGLA_UF":"MA"},{"NM_MUN":"Paulo Ramos","SIGLA_UF":"MA"},{"NM_MUN":"Maranhãozinho","SIGLA_UF":"MA"},{"NM_MUN":"Lagoa do Mato","SIGLA_UF":"MA"},{"NM_MUN":"Marajá do Sena","SIGLA_UF":"MA"},{"NM_MUN":"Governador Luiz Rocha","SIGLA_UF":"MA"},{"NM_MUN":"Trizidela do Vale","SIGLA_UF":"MA"},{"NM_MUN":"Lago Verde","SIGLA_UF":"MA"},{"NM_MUN":"Governador Eugênio Barros","SIGLA_UF":"MA"},{"NM_MUN":"Lagoa Grande do Maranhão","SIGLA_UF":"MA"},{"NM_MUN":"Raposa","SIGLA_UF":"MA"},{"NM_MUN":"Tufilândia","SIGLA_UF":"MA"},{"NM_MUN":"Lago dos Rodrigues","SIGLA_UF":"MA"},{"NM_MUN":"Governador Nunes Freire","SIGLA_UF":"MA"},{"NM_MUN":"Codó","SIGLA_UF":"MA"},{"NM_MUN":"Governador Newton Bello","SIGLA_UF":"MA"},{"NM_MUN":"Santa Quitéria do Maranhão","SIGLA_UF":"MA"},{"NM_MUN":"Araioses","SIGLA_UF":"MA"},{"NM_MUN":"Bom Jardim","SIGLA_UF":"MA"},{"NM_MUN":"Lajeado Novo","SIGLA_UF":"MA"},{"NM_MUN":"São Pedro da Água Branca","SIGLA_UF":"MA"}]