[{"NM_MUN":"Novo São Joaquim","SIGLA_UF":"MT"},{"NM_MUN":"Paranaíta","SIGLA_UF":"MT"},{"NM_MUN":"Ipiranga do Norte","SIGLA_UF":"MT"},{"NM_MUN":"Colniza","SIGLA_UF":"MT"},{"NM_MUN":"Indiavaí","SIGLA_UF":"MT"},{"NM_MUN":"Rondonópolis","SIGLA_UF":"MT"},{"NM_MUN":"Nova Maringá","SIGLA_UF":"MT"},{"NM_MUN":"Itanhangá","SIGLA_UF":"MT"},{"NM_MUN":"Itaúba","SIGLA_UF":"MT"},{"NM_MUN":"Nova Monte Verde","SIGLA_UF":"MT"},{"NM_MUN":"Paranatinga","SIGLA_UF":"MT"},{"NM_MUN":"Novo Santo Antônio","SIGLA_UF":"MT"},{"NM_MUN":"Feliz Natal","SIGLA_UF":"MT"},{"NM_MUN":"Jauru","SIGLA_UF":"MT"},{"NM_MUN":"Tesouro","SIGLA_UF":"MT"},{"NM_MUN":"Pedra Preta","SIGLA_UF":"MT"},{"NM_MUN":"São José do Povo","SIGLA_UF":"MT"},{"NM_MUN":"Porto Esperidião","SIGLA_UF":"MT"},{"NM_MUN":"Porto dos Gaúchos","SIGLA_UF":"MT"},{"NM_MUN":"Vila Bela da Santíssima Trindade","SIGLA_UF":"MT"},{"NM_MUN":"Porto Estrela","SIGLA_UF":"MT"},{"NM_MUN":"Guiratinga","SIGLA_UF":"MT"},{"NM_MUN":"Vila Rica","SIGLA_UF":"MT"},{"NM_MUN":"Figueirópolis D'Oeste","SIGLA_UF":"MT"},{"NM_MUN":"Marcelândia","SIGLA_UF":"MT"},{"NM_MUN":"Cáceres","SIGLA_UF":"MT"},{"NM_MUN":"São José do Rio Claro","SIGLA_UF":"MT"},{"NM_MUN":"São José do Xingu","SIGLA_UF":"MT"},{"NM_MUN":"Gaúcha do Norte","SIGLA_UF":"MT"},{"NM_MUN":"Nortelândia","SIGLA_UF":"MT"},{"NM_MUN":"Araguainha","SIGLA_UF":"MT"},{"NM_MUN":"Araputanga","SIGLA_UF":"MT"},{"NM_MUN":"Chapada dos Guimarães","SIGLA_UF":"MT"},{"NM_MUN":"Mirassol d'Oeste","SIGLA_UF":"MT"},{"NM_MUN":"Cláudia","SIGLA_UF":"MT"},{"NM_MUN":"Apiacás","SIGLA_UF":"MT"},{"NM_MUN":"Matupá","SIGLA_UF":"MT"},{"NM_MUN":"São Pedro da Cipa","SIGLA_UF":"MT"},{"NM_MUN":"General Carneiro","SIGLA_UF":"MT"},{"NM_MUN":"Nossa Senhora do Livramento","SIGLA_UF":"MT"},{"NM_MUN":"Diamantino","SIGLA_UF":"MT"},{"NM_MUN":"Nova Bandeirantes","SIGLA_UF":"MT"},{"NM_MUN":"Nova Santa Helena","SIGLA_UF":"MT"},{"NM_MUN":"Nova Lacerda","SIGLA_UF":"MT"},{"NM_MUN":"Querência","SIGLA_UF":"MT"},{"NM_MUN":"Jaciara","SIGLA_UF":"MT"},{"NM_MUN":"Nova Nazaré","SIGLA_UF":"MT"},{"NM_MUN":"Sorriso","SIGLA_UF":"MT"},{"NM_MUN":"Sinop","SIGLA_UF":"MT"},{"NM_MUN":"Tangará da Serra","SIGLA_UF":"MT"},{"NM_MUN":"Tabaporã","SIGLA_UF":"MT"},{"NM_MUN":"Luciara","SIGLA_UF":"MT"},{"NM_MUN":"Várzea Grande","SIGLA_UF":"MT"},{"NM_MUN":"Barra do Garças","SIGLA_UF":"MT"},{"NM_MUN":"Bom Jesus do Araguaia","SIGLA_UF":"MT"},{"NM_MUN":"Alto Paraguai","SIGLA_UF":"MT"},{"NM_MUN":"Dom Aquino","SIGLA_UF":"MT"},{"NM_MUN":"Pontal do Araguaia","SIGLA_UF":"MT"},{"NM_MUN":"São José dos Quatro Marcos","SIGLA_UF":"MT"},{"NM_MUN":"Boa Esperança do Norte","SIGLA_UF":"MT"},{"NM_MUN":"Reserva do Cabaçal","SIGLA_UF":"MT"},{"NM_MUN":"Ribeirãozinho","SIGLA_UF":"MT"},{"NM_MUN":"Ribeirão Cascalheira","SIGLA_UF":"MT"},{"NM_MUN":"Jangada","SIGLA_UF":"MT"},{"NM_MUN":"Araguaiana","SIGLA_UF":"MT"},{"NM_MUN":"Guarantã do Norte","SIGLA_UF":"MT"},{"NM_MUN":"Ponte Branca","SIGLA_UF":"MT"},{"NM_MUN":"Brasnorte","SIGLA_UF":"MT"},{"NM_MUN":"Alto Taquari","SIGLA_UF":"MT"},{"NM_MUN":"Pontes e Lacerda","SIGLA_UF":"MT"},{"NM_MUN":"Rio Branco","SIGLA_UF":"MT"},{"NM_MUN":"Vera","SIGLA_UF":"MT"},{"NM_MUN":"Santa Carmem","SIGLA_UF":"MT"},{"NM_MUN":"Porto Alegre do Norte","SIGLA_UF":"MT"},{"NM_MUN":"Castanheira","SIGLA_UF":"MT"},{"NM_MUN":"Água Boa","SIGLA_UF":"MT"},{"NM_MUN":"Santo Afonso","SIGLA_UF":"MT"},{"NM_MUN":"Alta Floresta","SIGLA_UF":"MT"},{"NM_MUN":"Comodoro","SIGLA_UF":"MT"},{"NM_MUN":"Confresa","SIGLA_UF":"MT"},{"NM_MUN":"Nobres","SIGLA_UF":"MT"},{"NM_MUN":"Conquista D'Oeste","SIGLA_UF":"MT"},{"NM_MUN":"Itiquira","SIGLA_UF":"MT"},{"NM_MUN":"Cotriguaçu","SIGLA_UF":"MT"},{"NM_MUN":"Rosário Oeste","SIGLA_UF":"MT"},{"NM_MUN":"Salto do Céu","SIGLA_UF":"MT"},{"NM_MUN":"Santa Rita do Trivelato","SIGLA_UF":"MT"},{"NM_MUN":"Santa Cruz do Xingu","SIGLA_UF":"MT"},{"NM_MUN":"Santo Antônio do Leste","SIGLA_UF":"MT"},{"NM_MUN":"Juara","SIGLA_UF":"MT"},{"NM_MUN":"Santa Terezinha","SIGLA_UF":"MT"},{"NM_MUN":"Peixoto de Azevedo","SIGLA_UF":"MT"},{"NM_MUN":"Torixoréu","SIGLA_UF":"MT"},{"NM_MUN":"Barão de Melgaço","SIGLA_UF":"MT"},{"NM_MUN":"Alto Araguaia","SIGLA_UF":"MT"},{"NM_MUN":"Juruena","SIGLA_UF":"MT"},{"NM_MUN":"Cuiabá","SIGLA_UF":"MT"},{"NM_MUN":"Planalto da Serra","SIGLA_UF":"MT"},{"NM_MUN":"Juína","SIGLA_UF":"MT"},{"NM_MUN":"Curvelândia","SIGLA_UF":"MT"},{"NM_MUN":"Alto Boa Vista","SIGLA_UF":"MT"},{"NM_MUN":"Denise","SIGLA_UF":"MT"},{"NM_MUN":"Santo Antônio de Leverger","SIGLA_UF":"MT"},{"NM_MUN":"Sapezal","SIGLA_UF":"MT"},{"NM_MUN":"Serra Nova Dourada","SIGLA_UF":"MT"},{"NM_MUN":"São Félix do Araguaia","SIGLA_UF":"MT"},{"NM_MUN":"Poconé","SIGLA_UF":"MT"},{"NM_MUN":"Barra do Bugres","SIGLA_UF":"MT"},{"NM_MUN":"Alto Garças","SIGLA_UF":"MT"},{"NM_MUN":"Campo Novo do Parecis","SIGLA_UF":"MT"},{"NM_MUN":"Juscimeira","SIGLA_UF":"MT"},{"NM_MUN":"Lucas do Rio Verde","SIGLA_UF":"MT"},{"NM_MUN":"Campinápolis","SIGLA_UF":"MT"},{"NM_MUN":"Glória D'Oeste","SIGLA_UF":"MT"},{"NM_MUN":"Poxoréu","SIGLA_UF":"MT"},{"NM_MUN":"Lambari D'Oeste","SIGLA_UF":"MT"},{"NM_MUN":"Campo Verde","SIGLA_UF":"MT"},{"NM_MUN":"União do Sul","SIGLA_UF":"MT"},{"NM_MUN":"Primavera do Leste","SIGLA_UF":"MT"},{"NM_MUN":"Arenápolis","SIGLA_UF":"MT"},{"NM_MUN":"Vale de São Domingos","SIGLA_UF":"MT"},{"NM_MUN":"Campos de Júlio","SIGLA_UF":"MT"},{"NM_MUN":"Canabrava do Norte","SIGLA_UF":"MT"},{"NM_MUN":"Cocalinho","SIGLA_UF":"MT"},{"NM_MUN":"Nova Guarita","SIGLA_UF":"MT"},{"NM_MUN":"Canarana","SIGLA_UF":"MT"},{"NM_MUN":"Nova Marilândia","SIGLA_UF":"MT"},{"NM_MUN":"Rondolândia","SIGLA_UF":"MT"},{"NM_MUN":"Nova Mutum","SIGLA_UF":"MT"},{"NM_MUN":"Carlinda","SIGLA_UF":"MT"},{"NM_MUN":"Nova Olímpia","SIGLA_UF":"MT"},{"NM_MUN":"Nova Brasilândia","SIGLA_UF":"MT"},{"NM_MUN":"Nova Canaã do Norte","SIGLA_UF":"MT"},{"NM_MUN":"Tapurah","SIGLA_UF":"MT"},{"NM_MUN":"Novo Mundo","SIGLA_UF":"MT"},{"NM_MUN":"Aripuanã","SIGLA_UF":"MT"},{"NM_MUN":"Novo Horizonte do Norte","SIGLA_UF":"MT"},{"NM_MUN":"Acorizal","SIGLA_UF":"MT"},{"NM_MUN":"Nova Ubiratã","SIGLA_UF":"MT"},{"NM_MUN":"Colíder","SIGLA_UF":"MT"},{"NM_MUN":"Nova Xavantina","SIGLA_UF":"MT"},{"NM_MUN":"Terra Nova do Norte","SIGLA_UF":"MT"}]