[{"NM_MUN":"Breu Branco","SIGLA_UF":"PA"},{"NM_MUN":"Brejo Grande do Araguaia","SIGLA_UF":"PA"},{"NM_MUN":"Alenquer","SIGLA_UF":"PA"},{"NM_MUN":"Oeiras do Pará","SIGLA_UF":"PA"},{"NM_MUN":"Santo Antônio do Tauá","SIGLA_UF":"PA"},{"NM_MUN":"Tucuruí","SIGLA_UF":"PA"},{"NM_MUN":"Capanema","SIGLA_UF":"PA"},{"NM_MUN":"Ulianópolis","SIGLA_UF":"PA"},{"NM_MUN":"Monte Alegre","SIGLA_UF":"PA"},{"NM_MUN":"Irituia","SIGLA_UF":"PA"},{"NM_MUN":"Uruará","SIGLA_UF":"PA"},{"NM_MUN":"Soure","SIGLA_UF":"PA"},{"NM_MUN":"Tailândia","SIGLA_UF":"PA"},{"NM_MUN":"Santa Maria do Pará","SIGLA_UF":"PA"},{"NM_MUN":"Terra Alta","SIGLA_UF":"PA"},{"NM_MUN":"Augusto Corrêa","SIGLA_UF":"PA"},{"NM_MUN":"Oriximiná","SIGLA_UF":"PA"},{"NM_MUN":"Conceição do Araguaia","SIGLA_UF":"PA"},{"NM_MUN":"Limoeiro do Ajuru","SIGLA_UF":"PA"},{"NM_MUN":"Terra Santa","SIGLA_UF":"PA"},{"NM_MUN":"Salinópolis","SIGLA_UF":"PA"},{"NM_MUN":"Aurora do Pará","SIGLA_UF":"PA"},{"NM_MUN":"Belém","SIGLA_UF":"PA"},{"NM_MUN":"Concórdia do Pará","SIGLA_UF":"PA"},{"NM_MUN":"Belterra","SIGLA_UF":"PA"},{"NM_MUN":"Cumaru do Norte","SIGLA_UF":"PA"},{"NM_MUN":"Curionópolis","SIGLA_UF":"PA"},{"NM_MUN":"Abel Figueiredo","SIGLA_UF":"PA"},{"NM_MUN":"Abaetetuba","SIGLA_UF":"PA"},{"NM_MUN":"Portel","SIGLA_UF":"PA"},{"NM_MUN":"Igarapé-Açu","SIGLA_UF":"PA"},{"NM_MUN":"Melgaço","SIGLA_UF":"PA"},{"NM_MUN":"São Miguel do Guamá","SIGLA_UF":"PA"},{"NM_MUN":"Salvaterra","SIGLA_UF":"PA"},{"NM_MUN":"Santa Bárbara do Pará","SIGLA_UF":"PA"},{"NM_MUN":"Benevides","SIGLA_UF":"PA"},{"NM_MUN":"Curralinho","SIGLA_UF":"PA"},{"NM_MUN":"Bom Jesus do Tocantins","SIGLA_UF":"PA"},{"NM_MUN":"Novo Progresso","SIGLA_UF":"PA"},{"NM_MUN":"Curuá","SIGLA_UF":"PA"},{"NM_MUN":"Acará","SIGLA_UF":"PA"},{"NM_MUN":"Nova Timboteua","SIGLA_UF":"PA"},{"NM_MUN":"Novo Repartimento","SIGLA_UF":"PA"},{"NM_MUN":"Porto de Moz","SIGLA_UF":"PA"},{"NM_MUN":"Cachoeira do Arari","SIGLA_UF":"PA"},{"NM_MUN":"Mocajuba","SIGLA_UF":"PA"},{"NM_MUN":"Igarapé-Miri","SIGLA_UF":"PA"},{"NM_MUN":"São Sebastião da Boa Vista","SIGLA_UF":"PA"},{"NM_MUN":"Santa Cruz do Arari","SIGLA_UF":"PA"},{"NM_MUN":"Sapucaia","SIGLA_UF":"PA"},{"NM_MUN":"Anajás","SIGLA_UF":"PA"},{"NM_MUN":"Óbidos","SIGLA_UF":"PA"},{"NM_MUN":"Chaves","SIGLA_UF":"PA"},{"NM_MUN":"São Félix do Xingu","SIGLA_UF":"PA"},{"NM_MUN":"Prainha","SIGLA_UF":"PA"},{"NM_MUN":"Xinguara","SIGLA_UF":"PA"},{"NM_MUN":"Baião","SIGLA_UF":"PA"},{"NM_MUN":"Bannach","SIGLA_UF":"PA"},{"NM_MUN":"Jacundá","SIGLA_UF":"PA"},{"NM_MUN":"Santarém Novo","SIGLA_UF":"PA"},{"NM_MUN":"Faro","SIGLA_UF":"PA"},{"NM_MUN":"Floresta do Araguaia","SIGLA_UF":"PA"},{"NM_MUN":"Garrafão do Norte","SIGLA_UF":"PA"},{"NM_MUN":"Goianésia do Pará","SIGLA_UF":"PA"},{"NM_MUN":"Ananindeua","SIGLA_UF":"PA"},{"NM_MUN":"Peixe-Boi","SIGLA_UF":"PA"},{"NM_MUN":"Placas","SIGLA_UF":"PA"},{"NM_MUN":"Maracanã","SIGLA_UF":"PA"},{"NM_MUN":"São Francisco do Pará","SIGLA_UF":"PA"},{"NM_MUN":"Primavera","SIGLA_UF":"PA"},{"NM_MUN":"Quatipuru","SIGLA_UF":"PA"},{"NM_MUN":"Anapu","SIGLA_UF":"PA"},{"NM_MUN":"Barcarena","SIGLA_UF":"PA"},{"NM_MUN":"Rio Maria","SIGLA_UF":"PA"},{"NM_MUN":"Colares","SIGLA_UF":"PA"},{"NM_MUN":"Redenção","SIGLA_UF":"PA"},{"NM_MUN":"Rurópolis","SIGLA_UF":"PA"},{"NM_MUN":"São Geraldo do Araguaia","SIGLA_UF":"PA"},{"NM_MUN":"São João de Pirabas","SIGLA_UF":"PA"},{"NM_MUN":"São João da Ponta","SIGLA_UF":"PA"},{"NM_MUN":"Rondon do Pará","SIGLA_UF":"PA"},{"NM_MUN":"Juruti","SIGLA_UF":"PA"},{"NM_MUN":"Gurupá","SIGLA_UF":"PA"},{"NM_MUN":"Ponta de Pedras","SIGLA_UF":"PA"},{"NM_MUN":"Marapanim","SIGLA_UF":"PA"},{"NM_MUN":"Breves","SIGLA_UF":"PA"},{"NM_MUN":"Medicilândia","SIGLA_UF":"PA"},{"NM_MUN":"Marituba","SIGLA_UF":"PA"},{"NM_MUN":"São João do Araguaia","SIGLA_UF":"PA"},{"NM_MUN":"Mãe do Rio","SIGLA_UF":"PA"},{"NM_MUN":"Capitão Poço","SIGLA_UF":"PA"},{"NM_MUN":"São Caetano de Odivelas","SIGLA_UF":"PA"},{"NM_MUN":"São Domingos do Araguaia","SIGLA_UF":"PA"},{"NM_MUN":"Vigia","SIGLA_UF":"PA"},{"NM_MUN":"Aveiro","SIGLA_UF":"PA"},{"NM_MUN":"Itaituba","SIGLA_UF":"PA"},{"NM_MUN":"Muaná","SIGLA_UF":"PA"},{"NM_MUN":"Santana do Araguaia","SIGLA_UF":"PA"},{"NM_MUN":"Nova Ipixuna","SIGLA_UF":"PA"},{"NM_MUN":"Bujaru","SIGLA_UF":"PA"},{"NM_MUN":"Nova Esperança do Piriá","SIGLA_UF":"PA"},{"NM_MUN":"Cachoeira do Piriá","SIGLA_UF":"PA"},{"NM_MUN":"Altamira","SIGLA_UF":"PA"},{"NM_MUN":"Ourém","SIGLA_UF":"PA"},{"NM_MUN":"Magalhães Barata","SIGLA_UF":"PA"},{"NM_MUN":"São Domingos do Capim","SIGLA_UF":"PA"},{"NM_MUN":"Ourilândia do Norte","SIGLA_UF":"PA"},{"NM_MUN":"Bagre","SIGLA_UF":"PA"},{"NM_MUN":"Palestina do Pará","SIGLA_UF":"PA"},{"NM_MUN":"Pacajá","SIGLA_UF":"PA"},{"NM_MUN":"Castanhal","SIGLA_UF":"PA"},{"NM_MUN":"Viseu","SIGLA_UF":"PA"},{"NM_MUN":"Itupiranga","SIGLA_UF":"PA"},{"NM_MUN":"Jacareacanga","SIGLA_UF":"PA"},{"NM_MUN":"Vitória do Xingu","SIGLA_UF":"PA"},{"NM_MUN":"Santarém","SIGLA_UF":"PA"},{"NM_MUN":"Paragominas","SIGLA_UF":"PA"},{"NM_MUN":"Marabá","SIGLA_UF":"PA"},{"NM_MUN":"Curuçá","SIGLA_UF":"PA"},{"NM_MUN":"Parauapebas","SIGLA_UF":"PA"},{"NM_MUN":"Bonito","SIGLA_UF":"PA"},{"NM_MUN":"Eldorado do Carajás","SIGLA_UF":"PA"},{"NM_MUN":"Dom Eliseu","SIGLA_UF":"PA"},{"NM_MUN":"Pau D'Arco","SIGLA_UF":"PA"},{"NM_MUN":"Afuá","SIGLA_UF":"PA"},{"NM_MUN":"Cametá","SIGLA_UF":"PA"},{"NM_MUN":"Água Azul do Norte","SIGLA_UF":"PA"},{"NM_MUN":"Canaã dos Carajás","SIGLA_UF":"PA"},{"NM_MUN":"Tomé-Açu","SIGLA_UF":"PA"},{"NM_MUN":"Inhangapi","SIGLA_UF":"PA"},{"NM_MUN":"Trairão","SIGLA_UF":"PA"},{"NM_MUN":"Tracuateua","SIGLA_UF":"PA"},{"NM_MUN":"Moju","SIGLA_UF":"PA"},{"NM_MUN":"Senador José Porfírio","SIGLA_UF":"PA"},{"NM_MUN":"Santa Izabel do Pará","SIGLA_UF":"PA"},{"NM_MUN":"Bragança","SIGLA_UF":"PA"},{"NM_MUN":"Tucumã","SIGLA_UF":"PA"},{"NM_MUN":"Mojuí dos Campos","SIGLA_UF":"PA"},{"NM_MUN":"Ipixuna do Pará","SIGLA_UF":"PA"},{"NM_MUN":"Santa Luzia do Pará","SIGLA_UF":"PA"},{"NM_MUN":"Brasil Novo","SIGLA_UF":"PA"},{"NM_MUN":"Santa Maria das Barreiras","SIGLA_UF":"PA"},{"NM_MUN":"Almeirim","SIGLA_UF":"PA"},{"NM_MUN":"Piçarra","SIGLA_UF":"PA"}]