[{"NM_MUN":"Carrapateira","SIGLA_UF":"PB"},{"NM_MUN":"Mulungu","SIGLA_UF":"PB"},{"NM_MUN":"Pilar","SIGLA_UF":"PB"},{"NM_MUN":"Casserengue","SIGLA_UF":"PB"},{"NM_MUN":"Bananeiras","SIGLA_UF":"PB"},{"NM_MUN":"Baraúna","SIGLA_UF":"PB"},{"NM_MUN":"Livramento","SIGLA_UF":"PB"},{"NM_MUN":"Barra de Santana","SIGLA_UF":"PB"},{"NM_MUN":"Nova Olinda","SIGLA_UF":"PB"},{"NM_MUN":"Pocinhos","SIGLA_UF":"PB"},{"NM_MUN":"Aguiar","SIGLA_UF":"PB"},{"NM_MUN":"Belém do Brejo do Cruz","SIGLA_UF":"PB"},{"NM_MUN":"Serraria","SIGLA_UF":"PB"},{"NM_MUN":"Vieirópolis","SIGLA_UF":"PB"},{"NM_MUN":"Emas","SIGLA_UF":"PB"},{"NM_MUN":"Itatuba","SIGLA_UF":"PB"},{"NM_MUN":"Logradouro","SIGLA_UF":"PB"},{"NM_MUN":"Sertãozinho","SIGLA_UF":"PB"},{"NM_MUN":"Lagoa","SIGLA_UF":"PB"},{"NM_MUN":"Bernardino Batista","SIGLA_UF":"PB"},{"NM_MUN":"Poço Dantas","SIGLA_UF":"PB"},{"NM_MUN":"Santa Helena","SIGLA_UF":"PB"},{"NM_MUN":"Sobrado","SIGLA_UF":"PB"},{"NM_MUN":"Cachoeira dos Índios","SIGLA_UF":"PB"},{"NM_MUN":"Poço de José de Moura","SIGLA_UF":"PB"},{"NM_MUN":"São José do Bonfim","SIGLA_UF":"PB"},{"NM_MUN":"Conde","SIGLA_UF":"PB"},{"NM_MUN":"Tacima","SIGLA_UF":"PB"},{"NM_MUN":"Gurinhém","SIGLA_UF":"PB"},{"NM_MUN":"Pilões","SIGLA_UF":"PB"},{"NM_MUN":"São José do Brejo do Cruz","SIGLA_UF":"PB"},{"NM_MUN":"Barra de Santa Rosa","SIGLA_UF":"PB"},{"NM_MUN":"São Sebastião de Lagoa de Roça","SIGLA_UF":"PB"},{"NM_MUN":"Santa Inês","SIGLA_UF":"PB"},{"NM_MUN":"Cuité","SIGLA_UF":"PB"},{"NM_MUN":"Rio Tinto","SIGLA_UF":"PB"},{"NM_MUN":"Brejo dos Santos","SIGLA_UF":"PB"},{"NM_MUN":"Juazeirinho","SIGLA_UF":"PB"},{"NM_MUN":"Nova Palmeira","SIGLA_UF":"PB"},{"NM_MUN":"Alagoa Grande","SIGLA_UF":"PB"},{"NM_MUN":"Montadas","SIGLA_UF":"PB"},{"NM_MUN":"Pombal","SIGLA_UF":"PB"},{"NM_MUN":"Boa Ventura","SIGLA_UF":"PB"},{"NM_MUN":"São José do Sabugi","SIGLA_UF":"PB"},{"NM_MUN":"Congo","SIGLA_UF":"PB"},{"NM_MUN":"Lagoa de Dentro","SIGLA_UF":"PB"},{"NM_MUN":"Boa Vista","SIGLA_UF":"PB"},{"NM_MUN":"Santa Luzia","SIGLA_UF":"PB"},{"NM_MUN":"São Sebastião do Umbuzeiro","SIGLA_UF":"PB"},{"NM_MUN":"Cacimba de Areia","SIGLA_UF":"PB"},{"NM_MUN":"Cuitegi","SIGLA_UF":"PB"},{"NM_MUN":"Taperoá","SIGLA_UF":"PB"},{"NM_MUN":"Gurjão","SIGLA_UF":"PB"},{"NM_MUN":"Cuité de Mamanguape","SIGLA_UF":"PB"},{"NM_MUN":"Pilõezinhos","SIGLA_UF":"PB"},{"NM_MUN":"Curral de Cima","SIGLA_UF":"PB"},{"NM_MUN":"Quixaba","SIGLA_UF":"PB"},{"NM_MUN":"Igaracy","SIGLA_UF":"PB"},{"NM_MUN":"Junco do Seridó","SIGLA_UF":"PB"},{"NM_MUN":"Monte Horebe","SIGLA_UF":"PB"},{"NM_MUN":"Piancó","SIGLA_UF":"PB"},{"NM_MUN":"Aroeiras","SIGLA_UF":"PB"},{"NM_MUN":"Assunção","SIGLA_UF":"PB"},{"NM_MUN":"Camalaú","SIGLA_UF":"PB"},{"NM_MUN":"São Domingos do Cariri","SIGLA_UF":"PB"},{"NM_MUN":"Lagoa Seca","SIGLA_UF":"PB"},{"NM_MUN":"São Bentinho","SIGLA_UF":"PB"},{"NM_MUN":"Nazarezinho","SIGLA_UF":"PB"},{"NM_MUN":"Paulista","SIGLA_UF":"PB"},{"NM_MUN":"São Francisco","SIGLA_UF":"PB"},{"NM_MUN":"Serra Grande","SIGLA_UF":"PB"},{"NM_MUN":"Umbuzeiro","SIGLA_UF":"PB"},{"NM_MUN":"Dona Inês","SIGLA_UF":"PB"},{"NM_MUN":"São Domingos","SIGLA_UF":"PB"},{"NM_MUN":"Massaranduba","SIGLA_UF":"PB"},{"NM_MUN":"Salgado de São Félix","SIGLA_UF":"PB"},{"NM_MUN":"Cabaceiras","SIGLA_UF":"PB"},{"NM_MUN":"Arara","SIGLA_UF":"PB"},{"NM_MUN":"São José de Espinharas","SIGLA_UF":"PB"},{"NM_MUN":"Conceição","SIGLA_UF":"PB"},{"NM_MUN":"Sousa","SIGLA_UF":"PB"},{"NM_MUN":"Frei Martinho","SIGLA_UF":"PB"},{"NM_MUN":"Picuí","SIGLA_UF":"PB"},{"NM_MUN":"São José dos Ramos","SIGLA_UF":"PB"},{"NM_MUN":"Gado Bravo","SIGLA_UF":"PB"},{"NM_MUN":"Baía da Traição","SIGLA_UF":"PB"},{"NM_MUN":"Pedro Régis","SIGLA_UF":"PB"},{"NM_MUN":"Santa Cecília","SIGLA_UF":"PB"},{"NM_MUN":"Remígio","SIGLA_UF":"PB"},{"NM_MUN":"Borborema","SIGLA_UF":"PB"},{"NM_MUN":"João Pessoa","SIGLA_UF":"PB"},{"NM_MUN":"Riachão do Poço","SIGLA_UF":"PB"},{"NM_MUN":"Riachão","SIGLA_UF":"PB"},{"NM_MUN":"Malta","SIGLA_UF":"PB"},{"NM_MUN":"Riachão do Bacamarte","SIGLA_UF":"PB"},{"NM_MUN":"Nova Floresta","SIGLA_UF":"PB"},{"NM_MUN":"Água Branca","SIGLA_UF":"PB"},{"NM_MUN":"Riacho de Santo Antônio","SIGLA_UF":"PB"},{"NM_MUN":"Serra Redonda","SIGLA_UF":"PB"},{"NM_MUN":"Duas Estradas","SIGLA_UF":"PB"},{"NM_MUN":"Juru","SIGLA_UF":"PB"},{"NM_MUN":"São José de Piranhas","SIGLA_UF":"PB"},{"NM_MUN":"Condado","SIGLA_UF":"PB"},{"NM_MUN":"Mataraca","SIGLA_UF":"PB"},{"NM_MUN":"Mato Grosso","SIGLA_UF":"PB"},{"NM_MUN":"Matinhas","SIGLA_UF":"PB"},{"NM_MUN":"São José de Princesa","SIGLA_UF":"PB"},{"NM_MUN":"Santa Cruz","SIGLA_UF":"PB"},{"NM_MUN":"Cabedelo","SIGLA_UF":"PB"},{"NM_MUN":"São Miguel de Taipu","SIGLA_UF":"PB"},{"NM_MUN":"Cubati","SIGLA_UF":"PB"},{"NM_MUN":"Riacho dos Cavalos","SIGLA_UF":"PB"},{"NM_MUN":"Maturéia","SIGLA_UF":"PB"},{"NM_MUN":"Sumé","SIGLA_UF":"PB"},{"NM_MUN":"Guarabira","SIGLA_UF":"PB"},{"NM_MUN":"Parari","SIGLA_UF":"PB"},{"NM_MUN":"Mamanguape","SIGLA_UF":"PB"},{"NM_MUN":"Alhandra","SIGLA_UF":"PB"},{"NM_MUN":"Bonito de Santa Fé","SIGLA_UF":"PB"},{"NM_MUN":"Puxinanã","SIGLA_UF":"PB"},{"NM_MUN":"Juarez Távora","SIGLA_UF":"PB"},{"NM_MUN":"Areia","SIGLA_UF":"PB"},{"NM_MUN":"Pedra Lavrada","SIGLA_UF":"PB"},{"NM_MUN":"Areia de Baraúnas","SIGLA_UF":"PB"},{"NM_MUN":"Cajazeiras","SIGLA_UF":"PB"},{"NM_MUN":"Santa Rita","SIGLA_UF":"PB"},{"NM_MUN":"Mogeiro","SIGLA_UF":"PB"},{"NM_MUN":"Ingá","SIGLA_UF":"PB"},{"NM_MUN":"Triunfo","SIGLA_UF":"PB"},{"NM_MUN":"Passagem","SIGLA_UF":"PB"},{"NM_MUN":"Vista Serrana","SIGLA_UF":"PB"},{"NM_MUN":"Serra Branca","SIGLA_UF":"PB"},{"NM_MUN":"Cajazeirinhas","SIGLA_UF":"PB"},{"NM_MUN":"Manaíra","SIGLA_UF":"PB"},{"NM_MUN":"Marcação","SIGLA_UF":"PB"},{"NM_MUN":"São João do Rio do Peixe","SIGLA_UF":"PB"},{"NM_MUN":"Catingueira","SIGLA_UF":"PB"},{"NM_MUN":"São José da Lagoa Tapada","SIGLA_UF":"PB"},{"NM_MUN":"Esperança","SIGLA_UF":"PB"},{"NM_MUN":"Solânea","SIGLA_UF":"PB"},{"NM_MUN":"Natuba","SIGLA_UF":"PB"},{"NM_MUN":"Areial","SIGLA_UF":"PB"},{"NM_MUN":"Pedras de Fogo","SIGLA_UF":"PB"},{"NM_MUN":"Amparo","SIGLA_UF":"PB"},{"NM_MUN":"Boqueirão","SIGLA_UF":"PB"},{"NM_MUN":"Queimadas","SIGLA_UF":"PB"},{"NM_MUN":"Jacaraú","SIGLA_UF":"PB"},{"NM_MUN":"Aparecida","SIGLA_UF":"PB"},{"NM_MUN":"Lucena","SIGLA_UF":"PB"},{"NM_MUN":"Caldas Brandão","SIGLA_UF":"PB"},{"NM_MUN":"Santa Teresinha","SIGLA_UF":"PB"},{"NM_MUN":"Serra da Raiz","SIGLA_UF":"PB"},{"NM_MUN":"Diamante","SIGLA_UF":"PB"},{"NM_MUN":"Santo André","SIGLA_UF":"PB"},{"NM_MUN":"Itabaiana","SIGLA_UF":"PB"},{"NM_MUN":"Uiraúna","SIGLA_UF":"PB"},{"NM_MUN":"Patos","SIGLA_UF":"PB"},{"NM_MUN":"Catolé do Rocha","SIGLA_UF":"PB"},{"NM_MUN":"São José de Caiana","SIGLA_UF":"PB"},{"NM_MUN":"Mari","SIGLA_UF":"PB"},{"NM_MUN":"Marizópolis","SIGLA_UF":"PB"},{"NM_MUN":"Caaporã","SIGLA_UF":"PB"},{"NM_MUN":"Salgadinho","SIGLA_UF":"PB"},{"NM_MUN":"Caturité","SIGLA_UF":"PB"},{"NM_MUN":"Barra de São Miguel","SIGLA_UF":"PB"},{"NM_MUN":"Araçagi","SIGLA_UF":"PB"},{"NM_MUN":"Olho d'Água","SIGLA_UF":"PB"},{"NM_MUN":"Fagundes","SIGLA_UF":"PB"},{"NM_MUN":"Soledade","SIGLA_UF":"PB"},{"NM_MUN":"Mãe d'Água","SIGLA_UF":"PB"},{"NM_MUN":"Sossêgo","SIGLA_UF":"PB"},{"NM_MUN":"Alagoa Nova","SIGLA_UF":"PB"},{"NM_MUN":"São Bento","SIGLA_UF":"PB"},{"NM_MUN":"Prata","SIGLA_UF":"PB"},{"NM_MUN":"Bom Jesus","SIGLA_UF":"PB"},{"NM_MUN":"Jericó","SIGLA_UF":"PB"},{"NM_MUN":"Zabelê","SIGLA_UF":"PB"},{"NM_MUN":"Santana de Mangueira","SIGLA_UF":"PB"},{"NM_MUN":"Cacimba de Dentro","SIGLA_UF":"PB"},{"NM_MUN":"Itaporanga","SIGLA_UF":"PB"},{"NM_MUN":"São José dos Cordeiros","SIGLA_UF":"PB"},{"NM_MUN":"Coremas","SIGLA_UF":"PB"},{"NM_MUN":"Tavares","SIGLA_UF":"PB"},{"NM_MUN":"Ibiara","SIGLA_UF":"PB"},{"NM_MUN":"Pirpirituba","SIGLA_UF":"PB"},{"NM_MUN":"Bayeux","SIGLA_UF":"PB"},{"NM_MUN":"Coxixola","SIGLA_UF":"PB"},{"NM_MUN":"Olivedos","SIGLA_UF":"PB"},{"NM_MUN":"Sapé","SIGLA_UF":"PB"},{"NM_MUN":"Curral Velho","SIGLA_UF":"PB"},{"NM_MUN":"Cacimbas","SIGLA_UF":"PB"},{"NM_MUN":"Damião","SIGLA_UF":"PB"},{"NM_MUN":"Juripiranga","SIGLA_UF":"PB"},{"NM_MUN":"Alagoinha","SIGLA_UF":"PB"},{"NM_MUN":"Capim","SIGLA_UF":"PB"},{"NM_MUN":"São João do Cariri","SIGLA_UF":"PB"},{"NM_MUN":"Campina Grande","SIGLA_UF":"PB"},{"NM_MUN":"Caraúbas","SIGLA_UF":"PB"},{"NM_MUN":"Monteiro","SIGLA_UF":"PB"},{"NM_MUN":"Pedra Branca","SIGLA_UF":"PB"},{"NM_MUN":"Araruna","SIGLA_UF":"PB"},{"NM_MUN":"Alcantil","SIGLA_UF":"PB"},{"NM_MUN":"Princesa Isabel","SIGLA_UF":"PB"},{"NM_MUN":"Bom Sucesso","SIGLA_UF":"PB"},{"NM_MUN":"Várzea","SIGLA_UF":"PB"},{"NM_MUN":"Itapororoca","SIGLA_UF":"PB"},{"NM_MUN":"São Mamede","SIGLA_UF":"PB"},{"NM_MUN":"Algodão de Jandaíra","SIGLA_UF":"PB"},{"NM_MUN":"Cruz do Espírito Santo","SIGLA_UF":"PB"},{"NM_MUN":"Lastro","SIGLA_UF":"PB"},{"NM_MUN":"Santana dos Garrotes","SIGLA_UF":"PB"},{"NM_MUN":"Caiçara","SIGLA_UF":"PB"},{"NM_MUN":"São Vicente do Seridó","SIGLA_UF":"PB"},{"NM_MUN":"Joca Claudino","SIGLA_UF":"PB"},{"NM_MUN":"Desterro","SIGLA_UF":"PB"},{"NM_MUN":"Teixeira","SIGLA_UF":"PB"},{"NM_MUN":"Imaculada","SIGLA_UF":"PB"},{"NM_MUN":"Pitimbu","SIGLA_UF":"PB"},{"NM_MUN":"Belém","SIGLA_UF":"PB"},{"NM_MUN":"Ouro Velho","SIGLA_UF":"PB"},{"NM_MUN":"Tenório","SIGLA_UF":"PB"},{"NM_MUN":"São João do Tigre","SIGLA_UF":"PB"},{"NM_MUN":"Brejo do Cruz","SIGLA_UF":"PB"}]