[{"NM_MUN":"Rio Formoso","SIGLA_UF":"PE"},{"NM_MUN":"Bom Conselho","SIGLA_UF":"PE"},{"NM_MUN":"Panelas","SIGLA_UF":"PE"},{"NM_MUN":"Santa Terezinha","SIGLA_UF":"PE"},{"NM_MUN":"Quipapá","SIGLA_UF":"PE"},{"NM_MUN":"Escada","SIGLA_UF":"PE"},{"NM_MUN":"Itaquitinga","SIGLA_UF":"PE"},{"NM_MUN":"Quixaba","SIGLA_UF":"PE"},{"NM_MUN":"Carnaubeira da Penha","SIGLA_UF":"PE"},{"NM_MUN":"Xexéu","SIGLA_UF":"PE"},{"NM_MUN":"Tabira","SIGLA_UF":"PE"},{"NM_MUN":"Iati","SIGLA_UF":"PE"},{"NM_MUN":"Terra Nova","SIGLA_UF":"PE"},{"NM_MUN":"São Joaquim do Monte","SIGLA_UF":"PE"},{"NM_MUN":"Carnaíba","SIGLA_UF":"PE"},{"NM_MUN":"Afrânio","SIGLA_UF":"PE"},{"NM_MUN":"Sairé","SIGLA_UF":"PE"},{"NM_MUN":"Brejo da Madre de Deus","SIGLA_UF":"PE"},{"NM_MUN":"Barra de Guabiraba","SIGLA_UF":"PE"},{"NM_MUN":"Glória do Goitá","SIGLA_UF":"PE"},{"NM_MUN":"Maraial","SIGLA_UF":"PE"},{"NM_MUN":"Paranatama","SIGLA_UF":"PE"},{"NM_MUN":"Vertente do Lério","SIGLA_UF":"PE"},{"NM_MUN":"Chã de Alegria","SIGLA_UF":"PE"},{"NM_MUN":"Cachoeirinha","SIGLA_UF":"PE"},{"NM_MUN":"Floresta","SIGLA_UF":"PE"},{"NM_MUN":"Triunfo","SIGLA_UF":"PE"},{"NM_MUN":"São Benedito do Sul","SIGLA_UF":"PE"},{"NM_MUN":"Recife","SIGLA_UF":"PE"},{"NM_MUN":"Tacaimbó","SIGLA_UF":"PE"},{"NM_MUN":"São José da Coroa Grande","SIGLA_UF":"PE"},{"NM_MUN":"Lajedo","SIGLA_UF":"PE"},{"NM_MUN":"Agrestina","SIGLA_UF":"PE"},{"NM_MUN":"Goiana","SIGLA_UF":"PE"},{"NM_MUN":"Vertentes","SIGLA_UF":"PE"},{"NM_MUN":"Itaíba","SIGLA_UF":"PE"},{"NM_MUN":"Mirandiba","SIGLA_UF":"PE"},{"NM_MUN":"Salgadinho","SIGLA_UF":"PE"},{"NM_MUN":"Buenos Aires","SIGLA_UF":"PE"},{"NM_MUN":"Barreiros","SIGLA_UF":"PE"},{"NM_MUN":"Chã Grande","SIGLA_UF":"PE"},{"NM_MUN":"Caetés","SIGLA_UF":"PE"},{"NM_MUN":"Jataúba","SIGLA_UF":"PE"},{"NM_MUN":"Jatobá","SIGLA_UF":"PE"},{"NM_MUN":"Serra Talhada","SIGLA_UF":"PE"},{"NM_MUN":"Frei Miguelinho","SIGLA_UF":"PE"},{"NM_MUN":"Tupanatinga","SIGLA_UF":"PE"},{"NM_MUN":"Limoeiro","SIGLA_UF":"PE"},{"NM_MUN":"Altinho","SIGLA_UF":"PE"},{"NM_MUN":"Palmares","SIGLA_UF":"PE"},{"NM_MUN":"Santa Maria da Boa Vista","SIGLA_UF":"PE"},{"NM_MUN":"Casinhas","SIGLA_UF":"PE"},{"NM_MUN":"Pombos","SIGLA_UF":"PE"},{"NM_MUN":"Bezerros","SIGLA_UF":"PE"},{"NM_MUN":"Ilha de Itamaracá","SIGLA_UF":"PE"},{"NM_MUN":"Pesqueira","SIGLA_UF":"PE"},{"NM_MUN":"Itambé","SIGLA_UF":"PE"},{"NM_MUN":"Granito","SIGLA_UF":"PE"},{"NM_MUN":"Vicência","SIGLA_UF":"PE"},{"NM_MUN":"Solidão","SIGLA_UF":"PE"},{"NM_MUN":"Taquaritinga do Norte","SIGLA_UF":"PE"},{"NM_MUN":"São Caitano","SIGLA_UF":"PE"},{"NM_MUN":"Canhotinho","SIGLA_UF":"PE"},{"NM_MUN":"Ipojuca","SIGLA_UF":"PE"},{"NM_MUN":"Abreu e Lima","SIGLA_UF":"PE"},{"NM_MUN":"Brejão","SIGLA_UF":"PE"},{"NM_MUN":"Araripina","SIGLA_UF":"PE"},{"NM_MUN":"Macaparana","SIGLA_UF":"PE"},{"NM_MUN":"Amaraji","SIGLA_UF":"PE"},{"NM_MUN":"Palmeirina","SIGLA_UF":"PE"},{"NM_MUN":"Catende","SIGLA_UF":"PE"},{"NM_MUN":"Igarassu","SIGLA_UF":"PE"},{"NM_MUN":"Tracunhaém","SIGLA_UF":"PE"},{"NM_MUN":"Ferreiros","SIGLA_UF":"PE"},{"NM_MUN":"Ouricuri","SIGLA_UF":"PE"},{"NM_MUN":"Santa Maria do Cambucá","SIGLA_UF":"PE"},{"NM_MUN":"Primavera","SIGLA_UF":"PE"},{"NM_MUN":"Surubim","SIGLA_UF":"PE"},{"NM_MUN":"São João","SIGLA_UF":"PE"},{"NM_MUN":"Capoeiras","SIGLA_UF":"PE"},{"NM_MUN":"Lagoa do Ouro","SIGLA_UF":"PE"},{"NM_MUN":"Afogados da Ingazeira","SIGLA_UF":"PE"},{"NM_MUN":"Venturosa","SIGLA_UF":"PE"},{"NM_MUN":"Garanhuns","SIGLA_UF":"PE"},{"NM_MUN":"Ipubi","SIGLA_UF":"PE"},{"NM_MUN":"Machados","SIGLA_UF":"PE"},{"NM_MUN":"Paudalho","SIGLA_UF":"PE"},{"NM_MUN":"Brejinho","SIGLA_UF":"PE"},{"NM_MUN":"Arcoverde","SIGLA_UF":"PE"},{"NM_MUN":"Manari","SIGLA_UF":"PE"},{"NM_MUN":"Cedro","SIGLA_UF":"PE"},{"NM_MUN":"Cabrobó","SIGLA_UF":"PE"},{"NM_MUN":"Iguaracy","SIGLA_UF":"PE"},{"NM_MUN":"Trindade","SIGLA_UF":"PE"},{"NM_MUN":"São Lourenço da Mata","SIGLA_UF":"PE"},{"NM_MUN":"Flores","SIGLA_UF":"PE"},{"NM_MUN":"Lagoa dos Gatos","SIGLA_UF":"PE"},{"NM_MUN":"Alagoinha","SIGLA_UF":"PE"},{"NM_MUN":"Lagoa Grande","SIGLA_UF":"PE"},{"NM_MUN":"Sanharó","SIGLA_UF":"PE"},{"NM_MUN":"Petrolina","SIGLA_UF":"PE"},{"NM_MUN":"Belo Jardim","SIGLA_UF":"PE"},{"NM_MUN":"Jupi","SIGLA_UF":"PE"},{"NM_MUN":"Itacuruba","SIGLA_UF":"PE"},{"NM_MUN":"Olinda","SIGLA_UF":"PE"},{"NM_MUN":"Santa Cruz da Baixa Verde","SIGLA_UF":"PE"},{"NM_MUN":"Paulista","SIGLA_UF":"PE"},{"NM_MUN":"Verdejante","SIGLA_UF":"PE"},{"NM_MUN":"Cortês","SIGLA_UF":"PE"},{"NM_MUN":"Santa Cruz","SIGLA_UF":"PE"},{"NM_MUN":"Sirinhaém","SIGLA_UF":"PE"},{"NM_MUN":"Camocim de São Félix","SIGLA_UF":"PE"},{"NM_MUN":"Inajá","SIGLA_UF":"PE"},{"NM_MUN":"Bom Jardim","SIGLA_UF":"PE"},{"NM_MUN":"São Vicente Férrer","SIGLA_UF":"PE"},{"NM_MUN":"Jaboatão dos Guararapes","SIGLA_UF":"PE"},{"NM_MUN":"Aliança","SIGLA_UF":"PE"},{"NM_MUN":"Carpina","SIGLA_UF":"PE"},{"NM_MUN":"Jaqueira","SIGLA_UF":"PE"},{"NM_MUN":"Timbaúba","SIGLA_UF":"PE"},{"NM_MUN":"Ibimirim","SIGLA_UF":"PE"},{"NM_MUN":"Exu","SIGLA_UF":"PE"},{"NM_MUN":"Orobó","SIGLA_UF":"PE"},{"NM_MUN":"Santa Cruz do Capibaribe","SIGLA_UF":"PE"},{"NM_MUN":"Poção","SIGLA_UF":"PE"},{"NM_MUN":"Betânia","SIGLA_UF":"PE"},{"NM_MUN":"Cumaru","SIGLA_UF":"PE"},{"NM_MUN":"Santa Filomena","SIGLA_UF":"PE"},{"NM_MUN":"Moreilândia","SIGLA_UF":"PE"},{"NM_MUN":"São Bento do Una","SIGLA_UF":"PE"},{"NM_MUN":"Camutanga","SIGLA_UF":"PE"},{"NM_MUN":"Jurema","SIGLA_UF":"PE"},{"NM_MUN":"Lagoa do Carro","SIGLA_UF":"PE"},{"NM_MUN":"Pedra","SIGLA_UF":"PE"},{"NM_MUN":"Ingazeira","SIGLA_UF":"PE"},{"NM_MUN":"Parnamirim","SIGLA_UF":"PE"},{"NM_MUN":"Bonito","SIGLA_UF":"PE"},{"NM_MUN":"Angelim","SIGLA_UF":"PE"},{"NM_MUN":"Caruaru","SIGLA_UF":"PE"},{"NM_MUN":"Riacho das Almas","SIGLA_UF":"PE"},{"NM_MUN":"Araçoiaba","SIGLA_UF":"PE"},{"NM_MUN":"Tacaratu","SIGLA_UF":"PE"},{"NM_MUN":"Cupira","SIGLA_UF":"PE"},{"NM_MUN":"Toritama","SIGLA_UF":"PE"},{"NM_MUN":"Ibirajuba","SIGLA_UF":"PE"},{"NM_MUN":"São José do Belmonte","SIGLA_UF":"PE"},{"NM_MUN":"Tamandaré","SIGLA_UF":"PE"},{"NM_MUN":"Feira Nova","SIGLA_UF":"PE"},{"NM_MUN":"Lagoa de Itaenga","SIGLA_UF":"PE"},{"NM_MUN":"Água Preta","SIGLA_UF":"PE"},{"NM_MUN":"Orocó","SIGLA_UF":"PE"},{"NM_MUN":"Salgueiro","SIGLA_UF":"PE"},{"NM_MUN":"Buíque","SIGLA_UF":"PE"},{"NM_MUN":"Fernando de Noronha","SIGLA_UF":"PE"},{"NM_MUN":"Belém de Maria","SIGLA_UF":"PE"},{"NM_MUN":"João Alfredo","SIGLA_UF":"PE"},{"NM_MUN":"Moreno","SIGLA_UF":"PE"},{"NM_MUN":"Passira","SIGLA_UF":"PE"},{"NM_MUN":"Serrita","SIGLA_UF":"PE"},{"NM_MUN":"Condado","SIGLA_UF":"PE"},{"NM_MUN":"Calçado","SIGLA_UF":"PE"},{"NM_MUN":"Tuparetama","SIGLA_UF":"PE"},{"NM_MUN":"Gameleira","SIGLA_UF":"PE"},{"NM_MUN":"Bodocó","SIGLA_UF":"PE"},{"NM_MUN":"Ribeirão","SIGLA_UF":"PE"},{"NM_MUN":"Custódia","SIGLA_UF":"PE"},{"NM_MUN":"São José do Egito","SIGLA_UF":"PE"},{"NM_MUN":"Dormentes","SIGLA_UF":"PE"},{"NM_MUN":"Águas Belas","SIGLA_UF":"PE"},{"NM_MUN":"Vitória de Santo Antão","SIGLA_UF":"PE"},{"NM_MUN":"Gravatá","SIGLA_UF":"PE"},{"NM_MUN":"Terezinha","SIGLA_UF":"PE"},{"NM_MUN":"Itapetim","SIGLA_UF":"PE"},{"NM_MUN":"Nazaré da Mata","SIGLA_UF":"PE"},{"NM_MUN":"Saloá","SIGLA_UF":"PE"},{"NM_MUN":"Cabo de Santo Agostinho","SIGLA_UF":"PE"},{"NM_MUN":"Petrolândia","SIGLA_UF":"PE"},{"NM_MUN":"Belém do São Francisco","SIGLA_UF":"PE"},{"NM_MUN":"Sertânia","SIGLA_UF":"PE"},{"NM_MUN":"Correntes","SIGLA_UF":"PE"},{"NM_MUN":"Itapissuma","SIGLA_UF":"PE"},{"NM_MUN":"Calumbi","SIGLA_UF":"PE"},{"NM_MUN":"Joaquim Nabuco","SIGLA_UF":"PE"},{"NM_MUN":"Jucati","SIGLA_UF":"PE"},{"NM_MUN":"Camaragibe","SIGLA_UF":"PE"}]