[{"NM_MUN":"Aroazes","SIGLA_UF":"PI"},{"NM_MUN":"Socorro do Piauí","SIGLA_UF":"PI"},{"NM_MUN":"Gilbués","SIGLA_UF":"PI"},{"NM_MUN":"Miguel Alves","SIGLA_UF":"PI"},{"NM_MUN":"Sussuapara","SIGLA_UF":"PI"},{"NM_MUN":"Santo Antônio de Lisboa","SIGLA_UF":"PI"},{"NM_MUN":"Palmeirais","SIGLA_UF":"PI"},{"NM_MUN":"Cocal de Telha","SIGLA_UF":"PI"},{"NM_MUN":"Tanque do Piauí","SIGLA_UF":"PI"},{"NM_MUN":"Cocal dos Alves","SIGLA_UF":"PI"},{"NM_MUN":"Aroeiras do Itaim","SIGLA_UF":"PI"},{"NM_MUN":"Tamboril do Piauí","SIGLA_UF":"PI"},{"NM_MUN":"Cocal","SIGLA_UF":"PI"},{"NM_MUN":"Santo Antônio dos Milagres","SIGLA_UF":"PI"},{"NM_MUN":"Colônia do Gurguéia","SIGLA_UF":"PI"},{"NM_MUN":"Paquetá","SIGLA_UF":"PI"},{"NM_MUN":"Coivaras","SIGLA_UF":"PI"},{"NM_MUN":"Agricolândia","SIGLA_UF":"PI"},{"NM_MUN":"São José do Peixe","SIGLA_UF":"PI"},{"NM_MUN":"Colônia do Piauí","SIGLA_UF":"PI"},{"NM_MUN":"Barro Duro","SIGLA_UF":"PI"},{"NM_MUN":"Várzea Grande","SIGLA_UF":"PI"},{"NM_MUN":"Curimatá","SIGLA_UF":"PI"},{"NM_MUN":"Picos","SIGLA_UF":"PI"},{"NM_MUN":"São João da Serra","SIGLA_UF":"PI"},{"NM_MUN":"Curralinhos","SIGLA_UF":"PI"},{"NM_MUN":"Currais","SIGLA_UF":"PI"},{"NM_MUN":"Guadalupe","SIGLA_UF":"PI"},{"NM_MUN":"Prata do Piauí","SIGLA_UF":"PI"},{"NM_MUN":"São João da Varjota","SIGLA_UF":"PI"},{"NM_MUN":"Luzilândia","SIGLA_UF":"PI"},{"NM_MUN":"Queimada Nova","SIGLA_UF":"PI"},{"NM_MUN":"Curral Novo do Piauí","SIGLA_UF":"PI"},{"NM_MUN":"Parnaguá","SIGLA_UF":"PI"},{"NM_MUN":"Conceição do Canindé","SIGLA_UF":"PI"},{"NM_MUN":"São João do Arraial","SIGLA_UF":"PI"},{"NM_MUN":"Madeiro","SIGLA_UF":"PI"},{"NM_MUN":"Guaribas","SIGLA_UF":"PI"},{"NM_MUN":"Miguel Leão","SIGLA_UF":"PI"},{"NM_MUN":"Milton Brandão","SIGLA_UF":"PI"},{"NM_MUN":"Santa Cruz do Piauí","SIGLA_UF":"PI"},{"NM_MUN":"Santa Cruz dos Milagres","SIGLA_UF":"PI"},{"NM_MUN":"Batalha","SIGLA_UF":"PI"},{"NM_MUN":"Vera Mendes","SIGLA_UF":"PI"},{"NM_MUN":"Coronel José Dias","SIGLA_UF":"PI"},{"NM_MUN":"Itainópolis","SIGLA_UF":"PI"},{"NM_MUN":"Pimenteiras","SIGLA_UF":"PI"},{"NM_MUN":"Água Branca","SIGLA_UF":"PI"},{"NM_MUN":"São José do Piauí","SIGLA_UF":"PI"},{"NM_MUN":"Bela Vista do Piauí","SIGLA_UF":"PI"},{"NM_MUN":"Alagoinha do Piauí","SIGLA_UF":"PI"},{"NM_MUN":"Capitão Gervásio Oliveira","SIGLA_UF":"PI"},{"NM_MUN":"Redenção do Gurguéia","SIGLA_UF":"PI"},{"NM_MUN":"Belém do Piauí","SIGLA_UF":"PI"},{"NM_MUN":"Manoel Emídio","SIGLA_UF":"PI"},{"NM_MUN":"Baixa Grande do Ribeiro","SIGLA_UF":"PI"},{"NM_MUN":"Hugo Napoleão","SIGLA_UF":"PI"},{"NM_MUN":"Marcolândia","SIGLA_UF":"PI"},{"NM_MUN":"Barra D'Alcântara","SIGLA_UF":"PI"},{"NM_MUN":"José de Freitas","SIGLA_UF":"PI"},{"NM_MUN":"Juazeiro do Piauí","SIGLA_UF":"PI"},{"NM_MUN":"Simões","SIGLA_UF":"PI"},{"NM_MUN":"Anísio de Abreu","SIGLA_UF":"PI"},{"NM_MUN":"Lagoinha do Piauí","SIGLA_UF":"PI"},{"NM_MUN":"Francisco Santos","SIGLA_UF":"PI"},{"NM_MUN":"Lagoa Alegre","SIGLA_UF":"PI"},{"NM_MUN":"Marcos Parente","SIGLA_UF":"PI"},{"NM_MUN":"Júlio Borges","SIGLA_UF":"PI"},{"NM_MUN":"Jurema","SIGLA_UF":"PI"},{"NM_MUN":"Flores do Piauí","SIGLA_UF":"PI"},{"NM_MUN":"Lagoa do Piauí","SIGLA_UF":"PI"},{"NM_MUN":"Santa Filomena","SIGLA_UF":"PI"},{"NM_MUN":"Lagoa do Sítio","SIGLA_UF":"PI"},{"NM_MUN":"Paes Landim","SIGLA_UF":"PI"},{"NM_MUN":"Massapê do Piauí","SIGLA_UF":"PI"},{"NM_MUN":"Lagoa do Barro do Piauí","SIGLA_UF":"PI"},{"NM_MUN":"Lagoa de São Francisco","SIGLA_UF":"PI"},{"NM_MUN":"Caracol","SIGLA_UF":"PI"},{"NM_MUN":"Floresta do Piauí","SIGLA_UF":"PI"},{"NM_MUN":"Caridade do Piauí","SIGLA_UF":"PI"},{"NM_MUN":"Pajeú do Piauí","SIGLA_UF":"PI"},{"NM_MUN":"Caraúbas do Piauí","SIGLA_UF":"PI"},{"NM_MUN":"Uruçuí","SIGLA_UF":"PI"},{"NM_MUN":"Barras","SIGLA_UF":"PI"},{"NM_MUN":"Cristalândia do Piauí","SIGLA_UF":"PI"},{"NM_MUN":"Novo Oriente do Piauí","SIGLA_UF":"PI"},{"NM_MUN":"Novo Santo Antônio","SIGLA_UF":"PI"},{"NM_MUN":"São Francisco do Piauí","SIGLA_UF":"PI"},{"NM_MUN":"Fronteiras","SIGLA_UF":"PI"},{"NM_MUN":"Piripiri","SIGLA_UF":"PI"},{"NM_MUN":"São Gonçalo do Gurguéia","SIGLA_UF":"PI"},{"NM_MUN":"Landri Sales","SIGLA_UF":"PI"},{"NM_MUN":"Palmeira do Piauí","SIGLA_UF":"PI"},{"NM_MUN":"Simplício Mendes","SIGLA_UF":"PI"},{"NM_MUN":"Antônio Almeida","SIGLA_UF":"PI"},{"NM_MUN":"Castelo do Piauí","SIGLA_UF":"PI"},{"NM_MUN":"Geminiano","SIGLA_UF":"PI"},{"NM_MUN":"Matias Olímpio","SIGLA_UF":"PI"},{"NM_MUN":"Floriano","SIGLA_UF":"PI"},{"NM_MUN":"Valença do Piauí","SIGLA_UF":"PI"},{"NM_MUN":"Barreiras do Piauí","SIGLA_UF":"PI"},{"NM_MUN":"Caxingó","SIGLA_UF":"PI"},{"NM_MUN":"São João do Piauí","SIGLA_UF":"PI"},{"NM_MUN":"Várzea Branca","SIGLA_UF":"PI"},{"NM_MUN":"São José do Divino","SIGLA_UF":"PI"},{"NM_MUN":"Canavieira","SIGLA_UF":"PI"},{"NM_MUN":"Porto","SIGLA_UF":"PI"},{"NM_MUN":"Monte Alegre do Piauí","SIGLA_UF":"PI"},{"NM_MUN":"Luís Correia","SIGLA_UF":"PI"},{"NM_MUN":"Pedro Laurentino","SIGLA_UF":"PI"},{"NM_MUN":"São Gonçalo do Piauí","SIGLA_UF":"PI"},{"NM_MUN":"Pedro II","SIGLA_UF":"PI"},{"NM_MUN":"São João da Fronteira","SIGLA_UF":"PI"},{"NM_MUN":"Morro do Chapéu do Piauí","SIGLA_UF":"PI"},{"NM_MUN":"São João da Canabrava","SIGLA_UF":"PI"},{"NM_MUN":"Nova Santa Rita","SIGLA_UF":"PI"},{"NM_MUN":"Porto Alegre do Piauí","SIGLA_UF":"PI"},{"NM_MUN":"Jerumenha","SIGLA_UF":"PI"},{"NM_MUN":"Morro Cabeça no Tempo","SIGLA_UF":"PI"},{"NM_MUN":"São Pedro do Piauí","SIGLA_UF":"PI"},{"NM_MUN":"Amarante","SIGLA_UF":"PI"},{"NM_MUN":"Murici dos Portelas","SIGLA_UF":"PI"},{"NM_MUN":"Francinópolis","SIGLA_UF":"PI"},{"NM_MUN":"João Costa","SIGLA_UF":"PI"},{"NM_MUN":"Bocaina","SIGLA_UF":"PI"},{"NM_MUN":"Eliseu Martins","SIGLA_UF":"PI"},{"NM_MUN":"Rio Grande do Piauí","SIGLA_UF":"PI"},{"NM_MUN":"Olho D'Água do Piauí","SIGLA_UF":"PI"},{"NM_MUN":"Canto do Buriti","SIGLA_UF":"PI"},{"NM_MUN":"Isaías Coelho","SIGLA_UF":"PI"},{"NM_MUN":"Teresina","SIGLA_UF":"PI"},{"NM_MUN":"Arraial","SIGLA_UF":"PI"},{"NM_MUN":"Nazária","SIGLA_UF":"PI"},{"NM_MUN":"Nazaré do Piauí","SIGLA_UF":"PI"},{"NM_MUN":"Nossa Senhora de Nazaré","SIGLA_UF":"PI"},{"NM_MUN":"Santo Inácio do Piauí","SIGLA_UF":"PI"},{"NM_MUN":"Assunção do Piauí","SIGLA_UF":"PI"},{"NM_MUN":"Francisco Ayres","SIGLA_UF":"PI"},{"NM_MUN":"Bom Jesus","SIGLA_UF":"PI"},{"NM_MUN":"São Braz do Piauí","SIGLA_UF":"PI"},{"NM_MUN":"Bom Princípio do Piauí","SIGLA_UF":"PI"},{"NM_MUN":"Joaquim Pires","SIGLA_UF":"PI"},{"NM_MUN":"Sebastião Barros","SIGLA_UF":"PI"},{"NM_MUN":"Padre Marcos","SIGLA_UF":"PI"},{"NM_MUN":"São Raimundo Nonato","SIGLA_UF":"PI"},{"NM_MUN":"Boqueirão do Piauí","SIGLA_UF":"PI"},{"NM_MUN":"Angical do Piauí","SIGLA_UF":"PI"},{"NM_MUN":"Sigefredo Pacheco","SIGLA_UF":"PI"},{"NM_MUN":"Capitão de Campos","SIGLA_UF":"PI"},{"NM_MUN":"Bonfim do Piauí","SIGLA_UF":"PI"},{"NM_MUN":"Joca Marques","SIGLA_UF":"PI"},{"NM_MUN":"Sebastião Leal","SIGLA_UF":"PI"},{"NM_MUN":"Francisco Macedo","SIGLA_UF":"PI"},{"NM_MUN":"Brejo do Piauí","SIGLA_UF":"PI"},{"NM_MUN":"Esperantina","SIGLA_UF":"PI"},{"NM_MUN":"Brasileira","SIGLA_UF":"PI"},{"NM_MUN":"Buriti dos Lopes","SIGLA_UF":"PI"},{"NM_MUN":"Fartura do Piauí","SIGLA_UF":"PI"},{"NM_MUN":"União","SIGLA_UF":"PI"},{"NM_MUN":"Avelino Lopes","SIGLA_UF":"PI"},{"NM_MUN":"Demerval Lobão","SIGLA_UF":"PI"},{"NM_MUN":"Nossa Senhora dos Remédios","SIGLA_UF":"PI"},{"NM_MUN":"Alegrete do Piauí","SIGLA_UF":"PI"},{"NM_MUN":"Buriti dos Montes","SIGLA_UF":"PI"},{"NM_MUN":"Cajazeiras do Piauí","SIGLA_UF":"PI"},{"NM_MUN":"Caldeirão Grande do Piauí","SIGLA_UF":"PI"},{"NM_MUN":"Cajueiro da Praia","SIGLA_UF":"PI"},{"NM_MUN":"Dirceu Arcoverde","SIGLA_UF":"PI"},{"NM_MUN":"Cabeceiras do Piauí","SIGLA_UF":"PI"},{"NM_MUN":"Ilha Grande","SIGLA_UF":"PI"},{"NM_MUN":"Monsenhor Gil","SIGLA_UF":"PI"},{"NM_MUN":"São Félix do Piauí","SIGLA_UF":"PI"},{"NM_MUN":"Parnaíba","SIGLA_UF":"PI"},{"NM_MUN":"Corrente","SIGLA_UF":"PI"},{"NM_MUN":"Patos do Piauí","SIGLA_UF":"PI"},{"NM_MUN":"Passagem Franca do Piauí","SIGLA_UF":"PI"},{"NM_MUN":"São Francisco de Assis do Piauí","SIGLA_UF":"PI"},{"NM_MUN":"Itaueira","SIGLA_UF":"PI"},{"NM_MUN":"Pau D'Arco do Piauí","SIGLA_UF":"PI"},{"NM_MUN":"São Julião","SIGLA_UF":"PI"},{"NM_MUN":"Alto Longá","SIGLA_UF":"PI"},{"NM_MUN":"Jacobina do Piauí","SIGLA_UF":"PI"},{"NM_MUN":"Vila Nova do Piauí","SIGLA_UF":"PI"},{"NM_MUN":"Beneditinos","SIGLA_UF":"PI"},{"NM_MUN":"Dom Expedito Lopes","SIGLA_UF":"PI"},{"NM_MUN":"Pio IX","SIGLA_UF":"PI"},{"NM_MUN":"Campo Alegre do Fidalgo","SIGLA_UF":"PI"},{"NM_MUN":"São Luis do Piauí","SIGLA_UF":"PI"},{"NM_MUN":"São Miguel da Baixa Grande","SIGLA_UF":"PI"},{"NM_MUN":"São Lourenço do Piauí","SIGLA_UF":"PI"},{"NM_MUN":"Campinas do Piauí","SIGLA_UF":"PI"},{"NM_MUN":"Dom Inocêncio","SIGLA_UF":"PI"},{"NM_MUN":"Domingos Mourão","SIGLA_UF":"PI"},{"NM_MUN":"Inhuma","SIGLA_UF":"PI"},{"NM_MUN":"São Miguel do Fidalgo","SIGLA_UF":"PI"},{"NM_MUN":"Campo Grande do Piauí","SIGLA_UF":"PI"},{"NM_MUN":"Regeneração","SIGLA_UF":"PI"},{"NM_MUN":"Riacho Frio","SIGLA_UF":"PI"},{"NM_MUN":"Campo Largo do Piauí","SIGLA_UF":"PI"},{"NM_MUN":"Paulistana","SIGLA_UF":"PI"},{"NM_MUN":"Ribeira do Piauí","SIGLA_UF":"PI"},{"NM_MUN":"Pavussu","SIGLA_UF":"PI"},{"NM_MUN":"Monsenhor Hipólito","SIGLA_UF":"PI"},{"NM_MUN":"Santa Luz","SIGLA_UF":"PI"},{"NM_MUN":"Santana do Piauí","SIGLA_UF":"PI"},{"NM_MUN":"Wall Ferraz","SIGLA_UF":"PI"},{"NM_MUN":"Bertolínia","SIGLA_UF":"PI"},{"NM_MUN":"Jaicós","SIGLA_UF":"PI"},{"NM_MUN":"Piracuruca","SIGLA_UF":"PI"},{"NM_MUN":"Oeiras","SIGLA_UF":"PI"},{"NM_MUN":"São Miguel do Tapuio","SIGLA_UF":"PI"},{"NM_MUN":"Jatobá do Piauí","SIGLA_UF":"PI"},{"NM_MUN":"Altos","SIGLA_UF":"PI"},{"NM_MUN":"Alvorada do Gurguéia","SIGLA_UF":"PI"},{"NM_MUN":"Campo Maior","SIGLA_UF":"PI"},{"NM_MUN":"Santa Rosa do Piauí","SIGLA_UF":"PI"},{"NM_MUN":"Betânia do Piauí","SIGLA_UF":"PI"},{"NM_MUN":"Jardim do Mulato","SIGLA_UF":"PI"},{"NM_MUN":"Elesbão Veloso","SIGLA_UF":"PI"},{"NM_MUN":"Ribeiro Gonçalves","SIGLA_UF":"PI"},{"NM_MUN":"Boa Hora","SIGLA_UF":"PI"},{"NM_MUN":"Acauã","SIGLA_UF":"PI"},{"NM_MUN":"Ipiranga do Piauí","SIGLA_UF":"PI"},{"NM_MUN":"Cristino Castro","SIGLA_UF":"PI"}]