[{"NM_MUN":"Mangaratiba","SIGLA_UF":"RJ"},{"NM_MUN":"Valença","SIGLA_UF":"RJ"},{"NM_MUN":"Arraial do Cabo","SIGLA_UF":"RJ"},{"NM_MUN":"Varre-Sai","SIGLA_UF":"RJ"},{"NM_MUN":"Pinheiral","SIGLA_UF":"RJ"},{"NM_MUN":"Sumidouro","SIGLA_UF":"RJ"},{"NM_MUN":"Rio Claro","SIGLA_UF":"RJ"},{"NM_MUN":"Tanguá","SIGLA_UF":"RJ"},{"NM_MUN":"Natividade","SIGLA_UF":"RJ"},{"NM_MUN":"Duas Barras","SIGLA_UF":"RJ"},{"NM_MUN":"Barra do Piraí","SIGLA_UF":"RJ"},{"NM_MUN":"Vassouras","SIGLA_UF":"RJ"},{"NM_MUN":"Maricá","SIGLA_UF":"RJ"},{"NM_MUN":"Teresópolis","SIGLA_UF":"RJ"},{"NM_MUN":"Rio das Flores","SIGLA_UF":"RJ"},{"NM_MUN":"Sapucaia","SIGLA_UF":"RJ"},{"NM_MUN":"Porciúncula","SIGLA_UF":"RJ"},{"NM_MUN":"Porto Real","SIGLA_UF":"RJ"},{"NM_MUN":"Queimados","SIGLA_UF":"RJ"},{"NM_MUN":"Quissamã","SIGLA_UF":"RJ"},{"NM_MUN":"Quatis","SIGLA_UF":"RJ"},{"NM_MUN":"Cachoeiras de Macacu","SIGLA_UF":"RJ"},{"NM_MUN":"Casimiro de Abreu","SIGLA_UF":"RJ"},{"NM_MUN":"Paraíba do Sul","SIGLA_UF":"RJ"},{"NM_MUN":"Macaé","SIGLA_UF":"RJ"},{"NM_MUN":"Macuco","SIGLA_UF":"RJ"},{"NM_MUN":"Cambuci","SIGLA_UF":"RJ"},{"NM_MUN":"Saquarema","SIGLA_UF":"RJ"},{"NM_MUN":"Resende","SIGLA_UF":"RJ"},{"NM_MUN":"Seropédica","SIGLA_UF":"RJ"},{"NM_MUN":"Comendador Levy Gasparian","SIGLA_UF":"RJ"},{"NM_MUN":"Carapebus","SIGLA_UF":"RJ"},{"NM_MUN":"Conceição de Macabu","SIGLA_UF":"RJ"},{"NM_MUN":"Angra dos Reis","SIGLA_UF":"RJ"},{"NM_MUN":"Três Rios","SIGLA_UF":"RJ"},{"NM_MUN":"Aperibé","SIGLA_UF":"RJ"},{"NM_MUN":"Paraty","SIGLA_UF":"RJ"},{"NM_MUN":"Magé","SIGLA_UF":"RJ"},{"NM_MUN":"Paty do Alferes","SIGLA_UF":"RJ"},{"NM_MUN":"Silva Jardim","SIGLA_UF":"RJ"},{"NM_MUN":"Itaocara","SIGLA_UF":"RJ"},{"NM_MUN":"São Pedro da Aldeia","SIGLA_UF":"RJ"},{"NM_MUN":"Itaboraí","SIGLA_UF":"RJ"},{"NM_MUN":"Bom Jesus do Itabapoana","SIGLA_UF":"RJ"},{"NM_MUN":"São Fidélis","SIGLA_UF":"RJ"},{"NM_MUN":"Cantagalo","SIGLA_UF":"RJ"},{"NM_MUN":"Cardoso Moreira","SIGLA_UF":"RJ"},{"NM_MUN":"Nova Iguaçu","SIGLA_UF":"RJ"},{"NM_MUN":"Itaperuna","SIGLA_UF":"RJ"},{"NM_MUN":"Itatiaia","SIGLA_UF":"RJ"},{"NM_MUN":"Cabo Frio","SIGLA_UF":"RJ"},{"NM_MUN":"São Sebastião do Alto","SIGLA_UF":"RJ"},{"NM_MUN":"Piraí","SIGLA_UF":"RJ"},{"NM_MUN":"Japeri","SIGLA_UF":"RJ"},{"NM_MUN":"São Gonçalo","SIGLA_UF":"RJ"},{"NM_MUN":"Carmo","SIGLA_UF":"RJ"},{"NM_MUN":"Paracambi","SIGLA_UF":"RJ"},{"NM_MUN":"Rio de Janeiro","SIGLA_UF":"RJ"},{"NM_MUN":"Laje do Muriaé","SIGLA_UF":"RJ"},{"NM_MUN":"Rio das Ostras","SIGLA_UF":"RJ"},{"NM_MUN":"Nilópolis","SIGLA_UF":"RJ"},{"NM_MUN":"São João da Barra","SIGLA_UF":"RJ"},{"NM_MUN":"Duque de Caxias","SIGLA_UF":"RJ"},{"NM_MUN":"Barra Mansa","SIGLA_UF":"RJ"},{"NM_MUN":"Mendes","SIGLA_UF":"RJ"},{"NM_MUN":"Volta Redonda","SIGLA_UF":"RJ"},{"NM_MUN":"Belford Roxo","SIGLA_UF":"RJ"},{"NM_MUN":"Mesquita","SIGLA_UF":"RJ"},{"NM_MUN":"Trajano de Moraes","SIGLA_UF":"RJ"},{"NM_MUN":"Santa Maria Madalena","SIGLA_UF":"RJ"},{"NM_MUN":"Niterói","SIGLA_UF":"RJ"},{"NM_MUN":"Itaguaí","SIGLA_UF":"RJ"},{"NM_MUN":"Italva","SIGLA_UF":"RJ"},{"NM_MUN":"Engenheiro Paulo de Frontin","SIGLA_UF":"RJ"},{"NM_MUN":"Bom Jardim","SIGLA_UF":"RJ"},{"NM_MUN":"São João de Meriti","SIGLA_UF":"RJ"},{"NM_MUN":"São José do Vale do Rio Preto","SIGLA_UF":"RJ"},{"NM_MUN":"São José de Ubá","SIGLA_UF":"RJ"},{"NM_MUN":"Iguaba Grande","SIGLA_UF":"RJ"},{"NM_MUN":"Guapimirim","SIGLA_UF":"RJ"},{"NM_MUN":"Miguel Pereira","SIGLA_UF":"RJ"},{"NM_MUN":"Santo Antônio de Pádua","SIGLA_UF":"RJ"},{"NM_MUN":"Campos dos Goytacazes","SIGLA_UF":"RJ"},{"NM_MUN":"São Francisco de Itabapoana","SIGLA_UF":"RJ"},{"NM_MUN":"Rio Bonito","SIGLA_UF":"RJ"},{"NM_MUN":"Nova Friburgo","SIGLA_UF":"RJ"},{"NM_MUN":"Miracema","SIGLA_UF":"RJ"},{"NM_MUN":"Areal","SIGLA_UF":"RJ"},{"NM_MUN":"Cordeiro","SIGLA_UF":"RJ"},{"NM_MUN":"Armação dos Búzios","SIGLA_UF":"RJ"},{"NM_MUN":"Araruama","SIGLA_UF":"RJ"},{"NM_MUN":"Petrópolis","SIGLA_UF":"RJ"}]