[{"NM_MUN":"São Paulo do Potengi","SIGLA_UF":"RN"},{"NM_MUN":"Governador Dix-Sept Rosado","SIGLA_UF":"RN"},{"NM_MUN":"Cruzeta","SIGLA_UF":"RN"},{"NM_MUN":"Lajes","SIGLA_UF":"RN"},{"NM_MUN":"Serrinha","SIGLA_UF":"RN"},{"NM_MUN":"Japi","SIGLA_UF":"RN"},{"NM_MUN":"Angicos","SIGLA_UF":"RN"},{"NM_MUN":"São José de Mipibu","SIGLA_UF":"RN"},{"NM_MUN":"Serrinha dos Pintos","SIGLA_UF":"RN"},{"NM_MUN":"Francisco Dantas","SIGLA_UF":"RN"},{"NM_MUN":"Ouro Branco","SIGLA_UF":"RN"},{"NM_MUN":"Macau","SIGLA_UF":"RN"},{"NM_MUN":"Pedro Velho","SIGLA_UF":"RN"},{"NM_MUN":"Major Sales","SIGLA_UF":"RN"},{"NM_MUN":"Tangará","SIGLA_UF":"RN"},{"NM_MUN":"Ipueira","SIGLA_UF":"RN"},{"NM_MUN":"Espírito Santo","SIGLA_UF":"RN"},{"NM_MUN":"Itajá","SIGLA_UF":"RN"},{"NM_MUN":"São Fernando","SIGLA_UF":"RN"},{"NM_MUN":"João Dias","SIGLA_UF":"RN"},{"NM_MUN":"Montanhas","SIGLA_UF":"RN"},{"NM_MUN":"Canguaretama","SIGLA_UF":"RN"},{"NM_MUN":"Rafael Fernandes","SIGLA_UF":"RN"},{"NM_MUN":"Frutuoso Gomes","SIGLA_UF":"RN"},{"NM_MUN":"São José do Campestre","SIGLA_UF":"RN"},{"NM_MUN":"Severiano Melo","SIGLA_UF":"RN"},{"NM_MUN":"Brejinho","SIGLA_UF":"RN"},{"NM_MUN":"Rodolfo Fernandes","SIGLA_UF":"RN"},{"NM_MUN":"Lagoa de Velhos","SIGLA_UF":"RN"},{"NM_MUN":"Viçosa","SIGLA_UF":"RN"},{"NM_MUN":"Jandaíra","SIGLA_UF":"RN"},{"NM_MUN":"Nísia Floresta","SIGLA_UF":"RN"},{"NM_MUN":"Alexandria","SIGLA_UF":"RN"},{"NM_MUN":"Caiçara do Norte","SIGLA_UF":"RN"},{"NM_MUN":"Tibau","SIGLA_UF":"RN"},{"NM_MUN":"Tenente Ananias","SIGLA_UF":"RN"},{"NM_MUN":"Itaú","SIGLA_UF":"RN"},{"NM_MUN":"Extremoz","SIGLA_UF":"RN"},{"NM_MUN":"Tenente Laurentino Cruz","SIGLA_UF":"RN"},{"NM_MUN":"Pedra Grande","SIGLA_UF":"RN"},{"NM_MUN":"Caraúbas","SIGLA_UF":"RN"},{"NM_MUN":"Rafael Godeiro","SIGLA_UF":"RN"},{"NM_MUN":"Apodi","SIGLA_UF":"RN"},{"NM_MUN":"São Francisco do Oeste","SIGLA_UF":"RN"},{"NM_MUN":"Sítio Novo","SIGLA_UF":"RN"},{"NM_MUN":"Monte Alegre","SIGLA_UF":"RN"},{"NM_MUN":"Galinhos","SIGLA_UF":"RN"},{"NM_MUN":"Lagoa Nova","SIGLA_UF":"RN"},{"NM_MUN":"Serra de São Bento","SIGLA_UF":"RN"},{"NM_MUN":"Janduís","SIGLA_UF":"RN"},{"NM_MUN":"Almino Afonso","SIGLA_UF":"RN"},{"NM_MUN":"Porto do Mangue","SIGLA_UF":"RN"},{"NM_MUN":"São Gonçalo do Amarante","SIGLA_UF":"RN"},{"NM_MUN":"Serra do Mel","SIGLA_UF":"RN"},{"NM_MUN":"Caiçara do Rio do Vento","SIGLA_UF":"RN"},{"NM_MUN":"Upanema","SIGLA_UF":"RN"},{"NM_MUN":"Nova Cruz","SIGLA_UF":"RN"},{"NM_MUN":"Luís Gomes","SIGLA_UF":"RN"},{"NM_MUN":"Açu","SIGLA_UF":"RN"},{"NM_MUN":"Pedra Preta","SIGLA_UF":"RN"},{"NM_MUN":"São Tomé","SIGLA_UF":"RN"},{"NM_MUN":"Barcelona","SIGLA_UF":"RN"},{"NM_MUN":"Ielmo Marinho","SIGLA_UF":"RN"},{"NM_MUN":"Encanto","SIGLA_UF":"RN"},{"NM_MUN":"São Bento do Norte","SIGLA_UF":"RN"},{"NM_MUN":"Jardim do Seridó","SIGLA_UF":"RN"},{"NM_MUN":"Parazinho","SIGLA_UF":"RN"},{"NM_MUN":"Maxaranguape","SIGLA_UF":"RN"},{"NM_MUN":"Serra Caiada","SIGLA_UF":"RN"},{"NM_MUN":"Caicó","SIGLA_UF":"RN"},{"NM_MUN":"Coronel João Pessoa","SIGLA_UF":"RN"},{"NM_MUN":"São João do Sabugi","SIGLA_UF":"RN"},{"NM_MUN":"Serra Negra do Norte","SIGLA_UF":"RN"},{"NM_MUN":"Bento Fernandes","SIGLA_UF":"RN"},{"NM_MUN":"Lagoa d'Anta","SIGLA_UF":"RN"},{"NM_MUN":"Várzea","SIGLA_UF":"RN"},{"NM_MUN":"Mossoró","SIGLA_UF":"RN"},{"NM_MUN":"Venha-Ver","SIGLA_UF":"RN"},{"NM_MUN":"Afonso Bezerra","SIGLA_UF":"RN"},{"NM_MUN":"Bodó","SIGLA_UF":"RN"},{"NM_MUN":"Ipanguaçu","SIGLA_UF":"RN"},{"NM_MUN":"Equador","SIGLA_UF":"RN"},{"NM_MUN":"João Câmara","SIGLA_UF":"RN"},{"NM_MUN":"Santa Maria","SIGLA_UF":"RN"},{"NM_MUN":"Patu","SIGLA_UF":"RN"},{"NM_MUN":"Pureza","SIGLA_UF":"RN"},{"NM_MUN":"Campo Redondo","SIGLA_UF":"RN"},{"NM_MUN":"São Bento do Trairí","SIGLA_UF":"RN"},{"NM_MUN":"Parelhas","SIGLA_UF":"RN"},{"NM_MUN":"Rio do Fogo","SIGLA_UF":"RN"},{"NM_MUN":"Messias Targino","SIGLA_UF":"RN"},{"NM_MUN":"Pilões","SIGLA_UF":"RN"},{"NM_MUN":"Touros","SIGLA_UF":"RN"},{"NM_MUN":"Lagoa de Pedras","SIGLA_UF":"RN"},{"NM_MUN":"Vera Cruz","SIGLA_UF":"RN"},{"NM_MUN":"Senador Elói de Souza","SIGLA_UF":"RN"},{"NM_MUN":"Jaçanã","SIGLA_UF":"RN"},{"NM_MUN":"Água Nova","SIGLA_UF":"RN"},{"NM_MUN":"Ceará-Mirim","SIGLA_UF":"RN"},{"NM_MUN":"Bom Jesus","SIGLA_UF":"RN"},{"NM_MUN":"Triunfo Potiguar","SIGLA_UF":"RN"},{"NM_MUN":"Natal","SIGLA_UF":"RN"},{"NM_MUN":"Pau dos Ferros","SIGLA_UF":"RN"},{"NM_MUN":"Riachuelo","SIGLA_UF":"RN"},{"NM_MUN":"São Pedro","SIGLA_UF":"RN"},{"NM_MUN":"Campo Grande","SIGLA_UF":"RN"},{"NM_MUN":"Grossos","SIGLA_UF":"RN"},{"NM_MUN":"Currais Novos","SIGLA_UF":"RN"},{"NM_MUN":"Santana do Matos","SIGLA_UF":"RN"},{"NM_MUN":"Lajes Pintadas","SIGLA_UF":"RN"},{"NM_MUN":"Jardim de Angicos","SIGLA_UF":"RN"},{"NM_MUN":"Paraná","SIGLA_UF":"RN"},{"NM_MUN":"Marcelino Vieira","SIGLA_UF":"RN"},{"NM_MUN":"Poço Branco","SIGLA_UF":"RN"},{"NM_MUN":"Antônio Martins","SIGLA_UF":"RN"},{"NM_MUN":"Santana do Seridó","SIGLA_UF":"RN"},{"NM_MUN":"Cerro Corá","SIGLA_UF":"RN"},{"NM_MUN":"Umarizal","SIGLA_UF":"RN"},{"NM_MUN":"Senador Georgino Avelino","SIGLA_UF":"RN"},{"NM_MUN":"Pendências","SIGLA_UF":"RN"},{"NM_MUN":"Baía Formosa","SIGLA_UF":"RN"},{"NM_MUN":"José da Penha","SIGLA_UF":"RN"},{"NM_MUN":"Acari","SIGLA_UF":"RN"},{"NM_MUN":"Baraúna","SIGLA_UF":"RN"},{"NM_MUN":"Passa e Fica","SIGLA_UF":"RN"},{"NM_MUN":"São Rafael","SIGLA_UF":"RN"},{"NM_MUN":"Guamaré","SIGLA_UF":"RN"},{"NM_MUN":"Doutor Severiano","SIGLA_UF":"RN"},{"NM_MUN":"Lucrécia","SIGLA_UF":"RN"},{"NM_MUN":"Vila Flor","SIGLA_UF":"RN"},{"NM_MUN":"Jardim de Piranhas","SIGLA_UF":"RN"},{"NM_MUN":"Portalegre","SIGLA_UF":"RN"},{"NM_MUN":"Parnamirim","SIGLA_UF":"RN"},{"NM_MUN":"São José do Seridó","SIGLA_UF":"RN"},{"NM_MUN":"Santo Antônio","SIGLA_UF":"RN"},{"NM_MUN":"Paraú","SIGLA_UF":"RN"},{"NM_MUN":"Martins","SIGLA_UF":"RN"},{"NM_MUN":"Coronel Ezequiel","SIGLA_UF":"RN"},{"NM_MUN":"Ruy Barbosa","SIGLA_UF":"RN"},{"NM_MUN":"Tibau do Sul","SIGLA_UF":"RN"},{"NM_MUN":"Jucurutu","SIGLA_UF":"RN"},{"NM_MUN":"Felipe Guerra","SIGLA_UF":"RN"},{"NM_MUN":"Fernando Pedroza","SIGLA_UF":"RN"},{"NM_MUN":"Jundiá","SIGLA_UF":"RN"},{"NM_MUN":"Passagem","SIGLA_UF":"RN"},{"NM_MUN":"Monte das Gameleiras","SIGLA_UF":"RN"},{"NM_MUN":"Riacho da Cruz","SIGLA_UF":"RN"},{"NM_MUN":"Carnaúba dos Dantas","SIGLA_UF":"RN"},{"NM_MUN":"Areia Branca","SIGLA_UF":"RN"},{"NM_MUN":"Goianinha","SIGLA_UF":"RN"},{"NM_MUN":"São Miguel","SIGLA_UF":"RN"},{"NM_MUN":"Taboleiro Grande","SIGLA_UF":"RN"},{"NM_MUN":"São Miguel do Gostoso","SIGLA_UF":"RN"},{"NM_MUN":"Santa Cruz","SIGLA_UF":"RN"},{"NM_MUN":"Lagoa Salgada","SIGLA_UF":"RN"},{"NM_MUN":"Januário Cicco","SIGLA_UF":"RN"},{"NM_MUN":"Olho d'Água do Borges","SIGLA_UF":"RN"},{"NM_MUN":"Macaíba","SIGLA_UF":"RN"},{"NM_MUN":"Alto do Rodrigues","SIGLA_UF":"RN"},{"NM_MUN":"Timbaúba dos Batistas","SIGLA_UF":"RN"},{"NM_MUN":"Florânia","SIGLA_UF":"RN"},{"NM_MUN":"São Vicente","SIGLA_UF":"RN"},{"NM_MUN":"Pedro Avelino","SIGLA_UF":"RN"},{"NM_MUN":"Riacho de Santana","SIGLA_UF":"RN"},{"NM_MUN":"Carnaubais","SIGLA_UF":"RN"},{"NM_MUN":"Arês","SIGLA_UF":"RN"},{"NM_MUN":"Taipu","SIGLA_UF":"RN"}]