[{"NM_MUN":"Pugmil","SIGLA_UF":"TO"},{"NM_MUN":"Carmolândia","SIGLA_UF":"TO"},{"NM_MUN":"Sítio Novo do Tocantins","SIGLA_UF":"TO"},{"NM_MUN":"Divinópolis do Tocantins","SIGLA_UF":"TO"},{"NM_MUN":"Sucupira","SIGLA_UF":"TO"},{"NM_MUN":"Babaçulândia","SIGLA_UF":"TO"},{"NM_MUN":"Bandeirantes do Tocantins","SIGLA_UF":"TO"},{"NM_MUN":"Barra do Ouro","SIGLA_UF":"TO"},{"NM_MUN":"Nazaré","SIGLA_UF":"TO"},{"NM_MUN":"Tupiratins","SIGLA_UF":"TO"},{"NM_MUN":"Santa Terezinha do Tocantins","SIGLA_UF":"TO"},{"NM_MUN":"Caseara","SIGLA_UF":"TO"},{"NM_MUN":"Paraíso do Tocantins","SIGLA_UF":"TO"},{"NM_MUN":"Recursolândia","SIGLA_UF":"TO"},{"NM_MUN":"Riachinho","SIGLA_UF":"TO"},{"NM_MUN":"Centenário","SIGLA_UF":"TO"},{"NM_MUN":"Muricilândia","SIGLA_UF":"TO"},{"NM_MUN":"Aragominas","SIGLA_UF":"TO"},{"NM_MUN":"Dois Irmãos do Tocantins","SIGLA_UF":"TO"},{"NM_MUN":"Santa Tereza do Tocantins","SIGLA_UF":"TO"},{"NM_MUN":"Ipueiras","SIGLA_UF":"TO"},{"NM_MUN":"Pequizeiro","SIGLA_UF":"TO"},{"NM_MUN":"Palmeirante","SIGLA_UF":"TO"},{"NM_MUN":"Palmeirópolis","SIGLA_UF":"TO"},{"NM_MUN":"Palmas","SIGLA_UF":"TO"},{"NM_MUN":"Juarina","SIGLA_UF":"TO"},{"NM_MUN":"Itacajá","SIGLA_UF":"TO"},{"NM_MUN":"Goiatins","SIGLA_UF":"TO"},{"NM_MUN":"Filadélfia","SIGLA_UF":"TO"},{"NM_MUN":"Monte do Carmo","SIGLA_UF":"TO"},{"NM_MUN":"Brasilândia do Tocantins","SIGLA_UF":"TO"},{"NM_MUN":"Arapoema","SIGLA_UF":"TO"},{"NM_MUN":"Porto Nacional","SIGLA_UF":"TO"},{"NM_MUN":"Ananás","SIGLA_UF":"TO"},{"NM_MUN":"Chapada da Natividade","SIGLA_UF":"TO"},{"NM_MUN":"Angico","SIGLA_UF":"TO"},{"NM_MUN":"Formoso do Araguaia","SIGLA_UF":"TO"},{"NM_MUN":"Colméia","SIGLA_UF":"TO"},{"NM_MUN":"Silvanópolis","SIGLA_UF":"TO"},{"NM_MUN":"Tabocão","SIGLA_UF":"TO"},{"NM_MUN":"Gurupi","SIGLA_UF":"TO"},{"NM_MUN":"Tocantínia","SIGLA_UF":"TO"},{"NM_MUN":"Lagoa da Confusão","SIGLA_UF":"TO"},{"NM_MUN":"Araguacema","SIGLA_UF":"TO"},{"NM_MUN":"Lagoa do Tocantins","SIGLA_UF":"TO"},{"NM_MUN":"Monte Santo do Tocantins","SIGLA_UF":"TO"},{"NM_MUN":"Lizarda","SIGLA_UF":"TO"},{"NM_MUN":"Brejinho de Nazaré","SIGLA_UF":"TO"},{"NM_MUN":"Piraquê","SIGLA_UF":"TO"},{"NM_MUN":"Arraias","SIGLA_UF":"TO"},{"NM_MUN":"Darcinópolis","SIGLA_UF":"TO"},{"NM_MUN":"Wanderlândia","SIGLA_UF":"TO"},{"NM_MUN":"Praia Norte","SIGLA_UF":"TO"},{"NM_MUN":"Luzinópolis","SIGLA_UF":"TO"},{"NM_MUN":"Araguaçu","SIGLA_UF":"TO"},{"NM_MUN":"Goianorte","SIGLA_UF":"TO"},{"NM_MUN":"Itaporã do Tocantins","SIGLA_UF":"TO"},{"NM_MUN":"Aparecida do Rio Negro","SIGLA_UF":"TO"},{"NM_MUN":"Dianópolis","SIGLA_UF":"TO"},{"NM_MUN":"São Sebastião do Tocantins","SIGLA_UF":"TO"},{"NM_MUN":"Oliveira de Fátima","SIGLA_UF":"TO"},{"NM_MUN":"Xambioá","SIGLA_UF":"TO"},{"NM_MUN":"Axixá do Tocantins","SIGLA_UF":"TO"},{"NM_MUN":"Sampaio","SIGLA_UF":"TO"},{"NM_MUN":"Aguiarnópolis","SIGLA_UF":"TO"},{"NM_MUN":"Santa Fé do Araguaia","SIGLA_UF":"TO"},{"NM_MUN":"Novo Acordo","SIGLA_UF":"TO"},{"NM_MUN":"Santa Maria do Tocantins","SIGLA_UF":"TO"},{"NM_MUN":"Sandolândia","SIGLA_UF":"TO"},{"NM_MUN":"Novo Alegre","SIGLA_UF":"TO"},{"NM_MUN":"Aliança do Tocantins","SIGLA_UF":"TO"},{"NM_MUN":"Fátima","SIGLA_UF":"TO"},{"NM_MUN":"Santa Rita do Tocantins","SIGLA_UF":"TO"},{"NM_MUN":"Crixás do Tocantins","SIGLA_UF":"TO"},{"NM_MUN":"Araguaína","SIGLA_UF":"TO"},{"NM_MUN":"Porto Alegre do Tocantins","SIGLA_UF":"TO"},{"NM_MUN":"Lavandeira","SIGLA_UF":"TO"},{"NM_MUN":"Araguanã","SIGLA_UF":"TO"},{"NM_MUN":"Ponte Alta do Bom Jesus","SIGLA_UF":"TO"},{"NM_MUN":"Pedro Afonso","SIGLA_UF":"TO"},{"NM_MUN":"Santa Rosa do Tocantins","SIGLA_UF":"TO"},{"NM_MUN":"Guaraí","SIGLA_UF":"TO"},{"NM_MUN":"São Valério","SIGLA_UF":"TO"},{"NM_MUN":"Almas","SIGLA_UF":"TO"},{"NM_MUN":"Novo Jardim","SIGLA_UF":"TO"},{"NM_MUN":"Pindorama do Tocantins","SIGLA_UF":"TO"},{"NM_MUN":"Araguatins","SIGLA_UF":"TO"},{"NM_MUN":"Taguatinga","SIGLA_UF":"TO"},{"NM_MUN":"Figueirópolis","SIGLA_UF":"TO"},{"NM_MUN":"Barrolândia","SIGLA_UF":"TO"},{"NM_MUN":"Taipas do Tocantins","SIGLA_UF":"TO"},{"NM_MUN":"Ponte Alta do Tocantins","SIGLA_UF":"TO"},{"NM_MUN":"Peixe","SIGLA_UF":"TO"},{"NM_MUN":"Talismã","SIGLA_UF":"TO"},{"NM_MUN":"São Bento do Tocantins","SIGLA_UF":"TO"},{"NM_MUN":"Itapiratins","SIGLA_UF":"TO"},{"NM_MUN":"Nova Olinda","SIGLA_UF":"TO"},{"NM_MUN":"Pium","SIGLA_UF":"TO"},{"NM_MUN":"Paranã","SIGLA_UF":"TO"},{"NM_MUN":"São Félix do Tocantins","SIGLA_UF":"TO"},{"NM_MUN":"Chapada de Areia","SIGLA_UF":"TO"},{"NM_MUN":"Aurora do Tocantins","SIGLA_UF":"TO"},{"NM_MUN":"Mateiros","SIGLA_UF":"TO"},{"NM_MUN":"Colinas do Tocantins","SIGLA_UF":"TO"},{"NM_MUN":"Combinado","SIGLA_UF":"TO"},{"NM_MUN":"Dueré","SIGLA_UF":"TO"},{"NM_MUN":"Rio da Conceição","SIGLA_UF":"TO"},{"NM_MUN":"Couto Magalhães","SIGLA_UF":"TO"},{"NM_MUN":"Bernardo Sayão","SIGLA_UF":"TO"},{"NM_MUN":"São Miguel do Tocantins","SIGLA_UF":"TO"},{"NM_MUN":"Maurilândia do Tocantins","SIGLA_UF":"TO"},{"NM_MUN":"Pau D'Arco","SIGLA_UF":"TO"},{"NM_MUN":"São Salvador do Tocantins","SIGLA_UF":"TO"},{"NM_MUN":"Rio dos Bois","SIGLA_UF":"TO"},{"NM_MUN":"Nova Rosalândia","SIGLA_UF":"TO"},{"NM_MUN":"Conceição do Tocantins","SIGLA_UF":"TO"},{"NM_MUN":"Rio Sono","SIGLA_UF":"TO"},{"NM_MUN":"Cristalândia","SIGLA_UF":"TO"},{"NM_MUN":"Jaú do Tocantins","SIGLA_UF":"TO"},{"NM_MUN":"Bom Jesus do Tocantins","SIGLA_UF":"TO"},{"NM_MUN":"Miranorte","SIGLA_UF":"TO"},{"NM_MUN":"Lajeado","SIGLA_UF":"TO"},{"NM_MUN":"Abreulândia","SIGLA_UF":"TO"},{"NM_MUN":"Tocantinópolis","SIGLA_UF":"TO"},{"NM_MUN":"Itaguatins","SIGLA_UF":"TO"},{"NM_MUN":"Alvorada","SIGLA_UF":"TO"},{"NM_MUN":"Natividade","SIGLA_UF":"TO"},{"NM_MUN":"Cachoeirinha","SIGLA_UF":"TO"},{"NM_MUN":"Tupirama","SIGLA_UF":"TO"},{"NM_MUN":"Palmeiras do Tocantins","SIGLA_UF":"TO"},{"NM_MUN":"Buriti do Tocantins","SIGLA_UF":"TO"},{"NM_MUN":"Marianópolis do Tocantins","SIGLA_UF":"TO"},{"NM_MUN":"Cariri do Tocantins","SIGLA_UF":"TO"},{"NM_MUN":"Campos Lindos","SIGLA_UF":"TO"},{"NM_MUN":"Presidente Kennedy","SIGLA_UF":"TO"},{"NM_MUN":"Carrasco Bonito","SIGLA_UF":"TO"},{"NM_MUN":"Augustinópolis","SIGLA_UF":"TO"},{"NM_MUN":"Miracema do Tocantins","SIGLA_UF":"TO"},{"NM_MUN":"Esperantina","SIGLA_UF":"TO"}]